timestamp_s,accel_x,accel_y,accel_z,gyro_x,gyro_y,gyro_z,mag_x,mag_y,mag_z,gravity_x,gravity_y,gravity_z,gps_lat,gps_lon,gps_alt,gps_speed_mps,gps_accuracy_m,gps_heading_deg,gps_satellites
0.0,-0.0265,-0.1984,9.7334,-0.018,-0.0225,0.0159,-16.56,-28.62,12.19,0.0056,-0.0024,9.8066,52.59628299999999,-1.608857,147.72,0.0,6.0,114.12,22
0.099,-0.2415,-0.0668,9.8255,-0.0141,-0.0221,0.0162,-16.81,-28.31,12.69,-0.0001,-0.0018,9.8066,52.59628299999999,-1.608857,147.72,0.0,6.0,114.12,22
0.2,-0.0024,-0.3063,9.8669,-0.0027,-0.0292,-0.0095,-16.25,-28.81,12.06,0.0015,0.0005,9.8066,52.59628299999999,-1.608857,147.72,0.0,6.0,114.12,22
0.3,-0.1658,0.0141,9.773,0.0059,0.0021,0.004,-16.37,-28.81,11.94,-0.0034,-0.0045,9.8066,52.59628299999999,-1.608857,147.72,0.0,6.0,114.12,22
0.401,0.2689999999999999,0.1985,9.9055,0.0077,0.0225,-0.024,-16.31,-28.19,12.31,-0.003,-0.002,9.8066,52.59628299999999,-1.608857,147.72,0.0,6.0,114.12,22
0.499,-0.0728,0.0671,9.8346,0.0037,0.0361,-0.0197,-16.06,-28.56,11.94,-0.0024,-0.0038,9.8066,52.59628299999999,-1.608857,147.72,0.0,6.0,114.12,22
0.599,0.1506,0.2706,9.8239,-0.0089,0.0512,-0.0109,-16.62,-28.44,12.13,-0.0019,-0.0013,9.8066,52.59628299999999,-1.608857,147.72,0.0,6.0,114.12,22
0.7,-0.0612,-0.2653,9.8516,0.0012,0.0438,-0.0265,-16.75,-28.75,12.06,0.0002,-0.0034,9.8066,52.59628299999999,-1.608857,147.72,0.0,6.0,114.12,22
0.799,0.1663,0.1369999999999999,9.8445,0.0042,0.0342,-0.0227,-16.31,-28.44,12.19,-0.0036,-0.0035,9.8066,52.59628299999999,-1.608857,147.72,0.0,6.0,114.12,22
0.9,-0.0182,-0.2528,9.9314,-0.0098,0.0291,-0.0049,-16.44,-28.19,12.19,0.001,0.0014,9.8066,52.59628299999999,-1.608857,147.72,0.0,6.0,114.12,22
1.0,-0.0176,0.1351,9.7174,-0.0012,-0.0062,-0.0124,-16.62,-29.12,12.38,-0.0015,-0.0051,9.8066,52.59628299999999,-1.608857,147.72,0.0,6.0,114.12,23
1.1,0.1863,0.0984,9.9335,-0.0102,-0.0025,0.0215,-16.5,-28.19,12.0,0.0045,0.0026,9.8066,52.59628299999999,-1.608857,147.72,0.0,6.0,114.12,23
1.2,0.0695,0.1954,9.8319,0.003,-0.018,0.0071,-16.56,-28.44,12.69,-0.0011,-0.0023,9.8066,52.59628299999999,-1.608857,147.72,0.0,6.0,114.12,23
1.3,0.0049,0.0984,9.8024,0.0043,-0.0261,0.0062,-16.5,-28.5,12.13,0.001,0.0015,9.8066,52.59628299999999,-1.608857,147.72,0.0,6.0,114.12,23
1.4,0.0067,-0.297,9.8772,0.0027,-0.0052,0.0121,-16.56,-28.94,12.06,0.0022,0.0016,9.8066,52.59628299999999,-1.608857,147.72,0.0,6.0,114.12,23
1.5,0.21,0.1068,9.988,0.0021,-0.0141,-0.0025,-16.87,-28.69,12.38,-0.0008,0.0004,9.8066,52.59628299999999,-1.608857,147.72,0.0,6.0,114.12,23
1.6,-0.2443,-0.1354,9.7946,-0.003,0.0185,0.0044,-16.37,-28.69,12.38,0.0044,0.0017,9.8066,52.59628299999999,-1.608857,147.72,0.0,6.0,114.12,23
1.7,-0.113,0.133,9.7487,-0.005,0.0255,0.0007,-16.0,-29.0,11.69,-0.001,0.0007,9.8066,52.59628299999999,-1.608857,147.72,0.0,6.0,114.12,23
1.8,-0.1079,-0.0135,9.8904,0.002,0.0186,-0.0178,-16.31,-28.94,12.44,-0.0004,0.001,9.8066,52.59628299999999,-1.608857,147.72,0.0,6.0,114.12,23
1.9,0.0425,-0.1701,9.8094,0.001,0.0207,-0.0117,-16.31,-28.25,12.38,-0.0024,-0.0017,9.8066,52.59628299999999,-1.608857,147.72,0.0,6.0,114.12,23
2.0,-0.1269,-0.0106,9.8319,0.0069,0.0042,-0.0198,-16.5,-28.81,12.19,-0.0006,-0.002,9.8065,52.59628299999999,-1.608857,147.72,0.0,6.0,114.12,23
2.099,0.0293,-0.2658,9.8783,-0.0083,0.0141,0.0044,-16.62,-28.5,11.94,0.0015,-0.0012,9.8066,52.59628299999999,-1.608857,147.72,0.0,6.0,114.12,23
2.2,-0.203,0.1095,9.7149,-0.0121,0.0017,0.0059,-16.44,-28.5,12.31,-0.0016,-0.0019,9.8066,52.59628299999999,-1.608857,147.72,0.0,6.0,114.12,23
2.3,0.0342,-0.2651,9.8454,-0.0029,-0.0183,0.0113,-16.56,-28.31,11.94,-0.001,0.0007,9.8066,52.59628299999999,-1.608857,147.72,0.0,6.0,114.12,23
2.399,-0.1773,-0.0084,9.7625,-0.0044,-0.0156,0.0136,-16.06,-28.62,12.88,-0.0005,-0.002,9.8066,52.59628299999999,-1.608857,147.72,0.0,6.0,114.12,23
2.499,-0.0001,0.1194,9.8786,-0.0053,-0.0156,0.0061,-16.69,-27.94,12.69,0.0037,0.0033,9.8066,52.59628299999999,-1.608857,147.72,0.0,6.0,114.12,23
2.6,-0.1868,-0.1253,9.7648,-0.0015,0.0012,0.0069999999999999,-16.0,-28.12,12.31,-0.0002,-0.0005,9.8066,52.59628299999999,-1.608857,147.72,0.0,6.0,114.12,23
2.7,0.2243,-0.0054,9.8555,-0.0017,0.0194,-0.0093,-16.44,-28.25,12.38,0.0024,0.0024,9.8066,52.59628299999999,-1.608857,147.72,0.0,6.0,114.12,23
2.8,-0.2934,-0.1305,9.6799,0.0135,0.0238,-0.0139999999999999,-16.31,-28.69,12.25,0.0026,0.0025,9.8066,52.59628299999999,-1.608857,147.72,0.0,6.0,114.12,23
2.9,0.4249,0.0834,9.9971,0.011,0.025,-0.027,-16.25,-29.06,12.44,0.0009,-0.0018,9.8066,52.59628299999999,-1.608857,147.72,0.0,6.0,114.12,23
2.999,-0.1162,0.0612,9.8042,-0.0116,0.0559,-0.0066,-16.25,-28.69,11.81,0.0031,0.0015,9.8066,52.59628299999999,-1.608857,147.72,0.0,6.0,114.12,22
3.099,0.3567,0.1393,9.8594,-0.0027,0.0235,-0.022,-15.69,-28.94,12.19,-0.0016,-0.0028,9.8066,52.59628299999999,-1.608857,147.72,0.0,6.0,114.12,22
3.2,-0.0882,0.0793,9.8303,-0.0058,0.0062,-0.0204,-16.69,-28.62,12.56,-0.001,0.0022,9.8066,52.59628299999999,-1.608857,147.72,0.0,6.0,114.12,22
3.3,-0.1347,-0.4122,9.8723,0.0042,0.0062,0.0058,-16.25,-28.75,12.0,-0.002,-0.0052,9.8066,52.59628299999999,-1.608857,147.72,0.0,6.0,114.12,22
3.4,-0.0974,-0.0028,9.8541,0.0056,-0.0238,0.0093,-16.37,-28.44,11.56,-0.0009,-0.0017,9.8066,52.59628299999999,-1.608857,147.72,0.0,6.0,114.12,22
3.5,-0.1655,-0.3569,9.8404,-0.0042,-0.0264,0.0186,-16.44,-28.56,12.19,0.0006,-0.0026,9.8066,52.59628299999999,-1.608857,147.72,0.0,6.0,114.12,22
3.6,0.0655,0.176,9.8298,-0.0209,-0.0402,0.0286,-16.06,-28.5,12.25,-0.0045,-0.0037,9.8066,52.59628299999999,-1.608857,147.72,0.0,6.0,114.12,22
3.7,-0.0892,-0.3525,9.8777,-0.0019,-0.0443,0.0042,-16.69,-28.37,12.25,-0.0009,0.0002,9.8066,52.59628299999999,-1.608857,147.72,0.0,6.0,114.12,22
3.799,0.016,0.2386,9.7975,0.0,-0.0171,0.0175,-16.12,-28.75,11.81,-0.0024,-0.0027,9.8066,52.59628299999999,-1.608857,147.72,0.0,6.0,114.12,22
3.9,-0.1207,-0.0611,9.8771,0.0137,-0.0091,0.0002,-16.69,-28.56,12.13,0.0026,0.0018,9.8066,52.59628299999999,-1.608857,147.72,0.0,6.0,114.12,22
4.0,-0.0278,-0.3471,9.8275,0.0107,0.0199,-0.0094,-16.5,-28.19,11.75,0.0001,-0.0006,9.8066,52.59628299999999,-1.608857,147.72,0.0,6.0,114.12,23
4.1,0.2582,0.0912,9.9,-0.0024,0.0312,-0.0063,-16.81,-28.69,11.94,0.0029,0.0024,9.8066,52.59628299999999,-1.608857,147.72,0.0,6.0,114.12,23
4.2,-0.1304,0.0081,9.7794,-0.0019,0.016,-0.0162,-16.75,-28.62,12.31,0.0016,0.0009,9.8066,52.59628299999999,-1.608857,147.72,0.0,6.0,114.12,23
4.3,0.2088,0.1073,9.9007,-0.0025,0.022,-0.0095,-16.37,-27.94,12.88,-0.0003,0.0006,9.8066,52.59628299999999,-1.608857,147.72,0.0,6.0,114.12,23
4.399,-0.1126,-0.1037,9.8716,-0.0063,0.0156,-0.01,-16.06,-28.31,12.25,0.0019,0.0033,9.8066,52.59628299999999,-1.608857,147.72,0.0,6.0,114.12,23
4.5,0.1466,0.0969999999999999,9.859,-0.0024,0.0126,-0.0064,-16.5,-28.44,11.88,-0.0025,0.0007,9.8066,52.59628299999999,-1.608857,147.72,0.0,6.0,114.12,23
4.6,-0.1018,-0.0403,9.8625,-0.0106,0.0007,0.0066,-16.44,-28.5,12.25,0.0,0.0016,9.8066,52.59628299999999,-1.608857,147.72,0.0,6.0,114.12,23
4.7,-0.0497,-0.0588,9.7754,-0.0001,-0.013,-0.0056,-16.25,-28.81,12.06,0.0014,-0.0004,9.8066,52.59628299999999,-1.608857,147.72,0.0,6.0,114.12,23
4.799,0.2034,0.0248,9.9261,-0.0027,-0.0277,0.0021,-16.56,-28.62,11.81,-0.0036,0.0,9.8066,52.59628299999999,-1.608857,147.72,0.0,6.0,114.12,23
4.9,-0.0938,-0.0706,9.8336,0.0029,-0.0055,0.003,-15.94,-28.69,12.44,-0.0003,-0.0014,9.8066,52.59628299999999,-1.608857,147.72,0.0,6.0,114.12,23
5.0,-0.1216,0.0216,9.8649,-0.0029,0.0017,-0.0027,-16.69,-29.19,12.19,-0.0014,-0.0001,9.8066,52.59628299999999,-1.608857,147.72,0.0,6.0,114.12,22
5.099,0.14,-0.2179,9.8699,-0.0025,0.0371,0.0142,-16.25,-28.81,12.5,-0.0008,-0.0009,9.8066,52.59628299999999,-1.608857,147.72,0.0,6.0,114.12,22
5.199,-0.128,-0.0017,9.7722,-0.0002,0.0319,-0.0168,-16.5,-28.69,12.13,0.0022,0.0001,9.8066,52.59628299999999,-1.608857,147.72,0.0,6.0,114.12,22
5.299,0.291,-0.0035,9.9742,-0.0016,0.012,-0.0075,-16.0,-28.94,11.5,0.0034,0.0015,9.8066,52.59628299999999,-1.608857,147.72,0.0,6.0,114.12,22
5.399,-0.1715,0.0752,9.851,0.0068,0.0108,-0.0093,-16.5,-28.87,11.69,0.0018,0.0005,9.8066,52.59628299999999,-1.608857,147.72,0.0,6.0,114.12,22
5.5,0.1892,-0.0559,9.9166,0.0079,0.0024,-0.01,-16.5,-29.25,11.56,0.0039,0.0003,9.8066,52.59628299999999,-1.608857,147.72,0.0,6.0,114.12,22
5.6,-0.1829,0.0493,9.835,0.011,0.0099,0.0003,-16.81,-28.81,12.19,0.0008,-0.0001,9.8066,52.59628299999999,-1.608857,147.72,0.0,6.0,114.12,22
5.7,0.0685,-0.1079,9.8245,0.0067,0.0011,-0.006,-16.56,-28.37,12.31,-0.0002,-0.0007,9.8066,52.59628299999999,-1.608857,147.72,0.0,6.0,114.12,22
5.8,0.0604,0.0755,9.9566,0.002,-0.0048,-0.0057,-16.19,-28.5,12.25,-0.0045,-0.0005,9.8066,52.59628299999999,-1.608857,147.72,0.0,6.0,114.12,22
5.9,-0.2195,-0.0916,9.6736,-0.009,-0.0108,-0.0095,-16.44,-28.81,12.06,-0.0037,0.0011,9.8066,52.59628299999999,-1.608857,147.72,0.0,6.0,114.12,22
6.0,-0.1295,0.0427,9.7619,-0.0125,-0.0073,-0.002,-16.0,-28.69,12.13,-0.0021,-0.0026,9.8066,52.59628299999999,-1.608857,147.72,0.0,6.0,114.12,22
6.1,-0.1488,-0.2315,9.8435,-0.0017,0.0092,-0.0039,-16.94,-28.75,12.06,0.0005,-0.0015,9.8066,52.59628299999999,-1.608857,147.72,0.0,6.0,114.12,22
6.2,0.1215,-0.0188,9.8415,0.0104,0.0353,-0.0165,-16.44,-28.87,12.25,-0.0034,-0.0025,9.8066,52.59628299999999,-1.608857,147.72,0.0,6.0,114.12,22
6.3,-0.191,-0.1361,9.787,0.0106,0.0405,-0.0238,-16.37,-29.0,11.94,-0.0019,0.0005,9.8066,52.59628299999999,-1.608857,147.72,0.0,6.0,114.12,22
6.4,0.216,-0.0209,9.88,0.0065,0.0328,-0.023,-15.87,-28.81,12.38,-0.0026,-0.0031,9.8066,52.59628299999999,-1.608857,147.72,0.0,6.0,114.12,22
6.5,-0.0262,0.149,9.931,-0.009,0.0377,-0.0101,-16.75,-28.44,11.94,0.0024,0.0013,9.8066,52.59628299999999,-1.608857,147.72,0.0,6.0,114.12,22
6.6,0.4071,0.0768,9.9452,0.0109,0.0157,-0.0114,-16.5,-28.62,11.69,-0.0009,0.0008,9.8066,52.59628299999999,-1.608857,147.72,0.0,6.0,114.12,22
6.7,-0.088,0.1444,9.7863,0.0043,0.0107,-0.0115,-16.12,-28.62,12.25,0.0019,0.0045,9.8066,52.59628299999999,-1.608857,147.72,0.0,6.0,114.12,22
6.799,-0.1858,-0.4307,9.9035,0.0066,-0.009,0.0158,-16.75,-28.25,11.44,0.0011,0.0018,9.8066,52.59628299999999,-1.608857,147.72,0.0,6.0,114.12,22
6.9,-0.0359,0.0211,9.8619,-0.0106,-0.0265,0.0156,-16.25,-28.87,11.56,0.0015,0.004,9.8066,52.59628299999999,-1.608857,147.72,0.0,6.0,114.12,22
7.0,-0.0842,-0.3326,9.8369,-0.0073,-0.024,0.0306,-16.5,-27.75,12.56,0.0044,0.0037,9.8066,52.59628299999999,-1.608857,147.72,0.0,6.0,114.12,22
7.1,-0.0999,0.1627,9.8706,0.0012,-0.0358,0.0177,-15.75,-28.69,12.06,-0.0003,0.0017,9.8066,52.59628299999999,-1.608857,147.72,0.0,6.0,114.12,22
7.199,-0.0269,-0.3487,9.8915,0.0117,-0.049,0.0106,-15.94,-29.06,12.19,0.0005,0.005,9.8066,52.59628299999999,-1.608857,147.72,0.0,6.0,114.12,22
7.3,-0.0009,0.259,9.8296,0.0051,-0.0184,0.0078,-16.37,-28.56,12.75,-0.0029,0.0015,9.8066,52.59628299999999,-1.608857,147.72,0.0,6.0,114.12,22
7.399,0.0928,0.0927,9.7492,0.005,-0.0082,0.0031,-16.75,-29.0,12.06,0.0004,0.0016,9.8066,52.59628299999999,-1.608857,147.72,0.0,6.0,114.12,22
7.5,-0.1718,0.1052,9.8269,-0.0013,0.0091,-0.0032,-16.06,-29.31,12.63,0.0011,-0.0027,9.8066,52.59628299999999,-1.608857,147.72,0.0,6.0,114.12,22
7.6,-0.0536,-0.0351,9.8927,-0.0036,0.0253,-0.0104,-16.0,-28.75,12.75,-0.0023,0.0017,9.8066,52.59628299999999,-1.608857,147.72,0.0,6.0,114.12,22
7.699,0.0367,-0.1098,9.7632,0.0079,-0.0062,-0.0126,-16.12,-29.19,11.88,-0.0018,0.0,9.8066,52.59628299999999,-1.608857,147.72,0.0,6.0,114.12,22
7.8,-0.1534,0.0486,9.8558,-0.0021,0.0011,0.0015,-17.0,-28.69,12.25,-0.0015,-0.0004,9.8066,52.59628299999999,-1.608857,147.72,0.0,6.0,114.12,22
7.899,0.0342,-0.2909,9.8325,-0.0069999999999999,0.0052,0.0073,-16.81,-29.0,11.88,0.0009,-0.0015,9.8066,52.59628299999999,-1.608857,147.72,0.0,6.0,114.12,22
8.0,-0.03,0.0959,9.8155,-0.0017,-0.0054,0.0063,-16.44,-28.25,12.25,0.0004,-0.0012,9.8066,52.59628299999999,-1.608857,147.72,0.0,6.0,114.12,22
8.1,0.0857,0.0848,9.8651,0.0018,-0.0145,0.0093,-16.25,-28.31,12.44,0.0013,0.0012,9.8066,52.59628299999999,-1.608857,147.72,0.0,6.0,114.12,22
8.2,-0.1667,-0.0389,9.7563,0.0004,-0.0187,-0.0005,-16.37,-28.62,12.0,0.0002,-0.0002,9.8066,52.59628299999999,-1.608857,147.72,0.0,6.0,114.12,22
8.3,0.1698,0.1242,9.9046,-0.0014,-0.0244,-0.0028,-16.44,-28.87,12.13,0.0008,0.0014,9.8066,52.59628299999999,-1.608857,147.72,0.0,6.0,114.12,22
8.399,-0.0527,-0.0755,9.8059,-0.0055,-0.0072,-0.0023,-16.31,-28.56,12.44,0.0035,0.0017,9.8066,52.59628299999999,-1.608857,147.72,0.0,6.0,114.12,22
8.499,0.2175,0.1073,9.886,0.0054,0.0198,-0.0147,-16.25,-28.69,12.44,-0.0016,-0.0018,9.8066,52.59628299999999,-1.608857,147.72,0.0,6.0,114.12,22
8.6,-0.1103,-0.0911,9.8706,0.0054,0.0365,-0.0135,-16.94,-28.44,12.0,0.001,0.0019,9.8066,52.59628299999999,-1.608857,147.72,0.0,6.0,114.12,22
8.7,-0.1672,-0.1094,9.8108,-0.0012,0.0393,-0.0171,-16.87,-28.37,12.38,-0.0024,-0.0018,9.8066,52.59628299999999,-1.608857,147.72,0.0,6.0,114.12,22
8.799,-0.1726,-0.1138,9.797,-0.0034,0.0239,-0.0182,-16.69,-28.69,12.38,0.0004,-0.0011,9.8066,52.59628299999999,-1.608857,147.72,0.0,6.0,114.12,22
8.9,-0.1673,0.074,9.7606,-0.0156,0.0265,-0.0053,-16.62,-28.12,12.06,0.0002,-0.0039,9.8066,52.59628299999999,-1.608857,147.72,0.0,6.0,114.12,22
9.0,0.2858,0.1324,9.9145,-0.0093,0.0056,-0.0062,-16.69,-28.62,12.19,-0.0016,-0.0004,9.8066,52.59628299999999,-1.608857,147.72,0.0,6.0,114.12,22
9.1,-0.2464,-0.0931,9.8382,0.0052,0.0025,0.0021,-16.12,-28.75,11.94,-0.0025,-0.0039,9.8066,52.59628299999999,-1.608857,147.72,0.0,6.0,114.12,22
9.2,0.1353,-0.0213,9.8596,0.0048,-0.0015,-0.0019,-16.56,-28.5,12.63,-0.0002,-0.0035,9.8066,52.59628299999999,-1.608857,147.72,0.0,6.0,114.12,22
9.3,-0.0709,0.022,9.8948,-0.0054,-0.023,0.0034,-16.5,-28.19,11.5,0.0013,0.0001,9.8066,52.59628299999999,-1.608857,147.72,0.0,6.0,114.12,22
9.4,-0.0829,-0.0448,9.7369,-0.0132,-0.0116,0.0125,-16.44,-28.56,12.44,-0.0002,-0.0007,9.8066,52.59628299999999,-1.608857,147.72,0.0,6.0,114.12,22
9.5,-0.0481,-0.043,9.8558,0.0024,-0.0023,-0.0079,-16.25,-28.25,12.69,0.0036,0.0015,9.8066,52.59628299999999,-1.608857,147.72,0.0,6.0,114.12,22
9.6,-0.1649,-0.1475,9.7334,0.0019,0.0209,-0.0022,-16.37,-27.87,11.81,0.0026,0.0002,9.8066,52.59628299999999,-1.608857,147.72,0.0,6.0,114.12,22
9.7,0.2938,0.1802,9.9626,0.0101,0.0504,-0.0119,-16.5,-29.0,12.13,0.0023,0.0006,9.8066,52.59628299999999,-1.608857,147.72,0.0,6.0,114.12,22
9.8,-0.0383,-0.2996,9.8183,0.0138,0.0498,-0.0235,-16.56,-28.69,12.56,0.0058,0.0028,9.8066,52.59628299999999,-1.608857,147.72,0.0,6.0,114.12,22
9.9,-0.0917,0.0245,9.8199,-0.0091,0.05,-0.0149,-16.44,-28.62,11.63,-0.0008,-0.001,9.8066,52.59628299999999,-1.608857,147.72,0.0,6.0,114.12,22
10.0,-0.0441,-0.3163,9.8705,-0.003,0.0232,-0.0074,-16.62,-28.69,12.13,0.0002,0.0024,9.8066,52.59628299999999,-1.608857,147.72,0.0,6.0,114.12,22
10.099,-0.0441,0.1353,9.8053,0.0033,0.0024,-0.0204,-16.06,-28.81,11.81,-0.0007,-0.0029,9.8066,52.59628299999999,-1.608857,147.72,0.0,6.0,114.12,22
10.2,0.2062,0.1441,9.8813,-0.0071,-0.0053,0.0123,-16.12,-28.87,12.19,-0.0027,0.0003,9.8066,52.59628299999999,-1.608857,147.72,0.0,6.0,114.12,22
10.3,-0.1092,0.1324,9.7536,-0.01,-0.0167,0.0226,-16.06,-28.0,12.06,-0.0018,-0.005,9.8066,52.59628299999999,-1.608857,147.72,0.0,6.0,114.12,22
10.4,0.2248,0.1678,9.9074,-0.0075,-0.0332,0.0161,-16.25,-28.06,12.19,-0.0033,-0.001,9.8066,52.59628299999999,-1.608857,147.72,0.0,6.0,114.12,22
10.5,-0.122,-0.1589,9.8262,-0.005,-0.016,0.0234,-16.44,-29.0,11.75,-0.002,-0.0024,9.8066,52.59628299999999,-1.608857,147.72,0.0,6.0,114.12,22
10.599,0.2174,0.0727,9.9067,0.0004,-0.019,0.0033,-16.31,-28.31,11.88,0.0011,-0.0021,9.8066,52.59628299999999,-1.608857,147.72,0.0,6.0,114.12,22
10.7,-0.1052,-0.0793,9.8442,-0.0013,-0.0239,-0.0001,-16.25,-28.75,12.31,0.0028,0.0024,9.8066,52.59628299999999,-1.608857,147.72,0.0,6.0,114.12,22
10.8,-0.0085,-0.0749,9.8455,-0.0006,0.0162,0.0057,-16.56,-27.87,11.44,-0.0041,-0.0036,9.8066,52.59628299999999,-1.608857,147.72,0.0,6.0,114.12,22
10.899,0.1794,0.0717,9.8437,0.0097,0.0196,-0.0117,-15.87,-28.44,13.0,0.002,0.0014,9.8066,52.59628299999999,-1.608857,147.72,0.0,6.0,114.12,22
11.0,-0.0102,-0.2252,9.7622,0.0163,0.023,-0.0109,-16.94,-28.44,12.13,0.0023,-0.0011,9.8066,52.59628299999999,-1.608857,147.72,0.0,6.0,114.12,22
11.1,0.2471,0.1157,9.944,0.0046,0.0259,-0.0144,-16.75,-28.5,12.06,0.0039,0.0014,9.8065,52.59628299999999,-1.608857,147.72,0.0,6.0,114.12,22
11.2,-0.0087,-0.0585,9.8488,-0.0013,0.0081,-0.0222,-16.56,-28.44,12.06,0.0016,0.0023,9.8066,52.59628299999999,-1.608857,147.72,0.0,6.0,114.12,22
11.3,0.1232,0.1272,9.8066,-0.0113,0.0161,0.0093,-16.37,-28.0,11.75,-0.0028,0.0004,9.8066,52.59628299999999,-1.608857,147.72,0.0,6.0,114.12,22
11.4,0.034,-0.0123,9.8948,-0.0084,-0.0044,0.0066,-16.56,-28.62,12.25,0.0009,0.0029,9.8066,52.59628299999999,-1.608857,147.72,0.0,6.0,114.12,22
11.5,0.0642,0.1515,9.828,0.0001,0.003,0.0123,-16.87,-28.31,12.0,-0.0027,-0.0024,9.8066,52.59628299999999,-1.608857,147.72,0.0,6.0,114.12,22
11.599,0.1251,0.09,9.93,-0.01,-0.0172,0.0089,-16.31,-28.25,12.81,-0.0006,0.0018,9.8066,52.59628299999999,-1.608857,147.72,0.0,6.0,114.12,22
11.7,-0.0753,-0.1584,9.7887,0.0014,-0.0305,0.0134,-16.62,-28.5,12.63,-0.0037,-0.0036,9.8066,52.59628299999999,-1.608857,147.72,0.0,6.0,114.12,22
11.8,0.0845,0.0878,9.905,-0.0052,-0.0137,0.0037,-16.0,-28.75,12.5,-0.003,-0.0028,9.8066,52.59628299999999,-1.608857,147.72,0.0,6.0,114.12,22
11.9,-0.0505,-0.1529,9.8246,0.0008,-0.0059,-0.0014,-16.37,-28.56,12.44,-0.0012,-0.0006,9.8065,52.59628299999999,-1.608857,147.72,0.0,6.0,114.12,22
12.0,0.1391,0.0486,9.8469,0.0141,0.0157,-0.0154,-16.31,-28.06,12.5,0.0008,-0.0021,9.8066,52.59628299999999,-1.608857,147.72,0.0,6.0,114.12,22
12.1,0.0161,0.1156,9.8536,0.006,0.0386,-0.0076,-16.75,-28.0,12.19,0.0014,0.0011,9.8066,52.59628299999999,-1.608857,147.72,0.0,6.0,114.12,22
12.2,0.1332,0.0419,9.8604,-0.0039,0.0268,-0.0051,-16.25,-28.37,12.13,-0.001,-0.0007,9.8066,52.59628299999999,-1.608857,147.72,0.0,6.0,114.12,22
12.299,0.0181,0.2077,9.8822,-0.0075,0.0253,-0.0047,-16.56,-28.62,12.44,0.0043,0.0031,9.8066,52.59628299999999,-1.608857,147.72,0.0,6.0,114.12,22
12.4,-0.1523,-0.2401,9.7652,0.0032,0.0088,-0.0031,-16.37,-28.75,12.25,0.0025,0.001,9.8066,52.59628299999999,-1.608857,147.72,0.0,6.0,114.12,22
12.5,-0.0081,0.1893,9.7753,0.0127,-0.0244,-0.0087,-16.0,-28.56,12.63,0.0049,0.0018,9.8066,52.59628299999999,-1.608857,147.72,0.0,6.0,114.12,22
12.6,-0.0918,-0.3012,9.8728,0.0063,-0.0371,0.004,-16.0,-28.5,12.25,0.002,0.006,9.8066,52.59628299999999,-1.608857,147.72,0.0,6.0,114.12,22
12.7,0.033,0.0984,9.8434,-0.0056,-0.0269,0.0173,-15.87,-28.12,11.69,0.0,0.002,9.8066,52.59628299999999,-1.608857,147.72,0.0,6.0,114.12,22
12.799,-0.0874,0.0394,9.8189,-0.0115,-0.0273,0.0161,-16.62,-28.56,12.0,0.0043,0.0035,9.8066,52.59628299999999,-1.608857,147.72,0.0,6.0,114.12,22
12.899,0.2756,0.2097,9.8266,-0.0162,-0.0322,0.0253,-16.37,-28.37,12.19,-0.0007,-0.0005,9.8066,52.59628299999999,-1.608857,147.72,0.0,6.0,114.12,22
13.0,-0.0636,-0.2335,9.8989,-0.0008,-0.0326,0.0131,-15.94,-27.69,11.56,-0.0013,0.0012,9.8066,52.59628299999999,-1.608857,147.72,0.0,6.0,114.12,0
13.1,-0.1955,-0.0797,9.7631,-0.0021,-0.0209,0.0074,-16.44,-28.31,12.69,-0.0037,-0.0032,9.8066,52.59628299999999,-1.608857,147.72,0.0,6.0,114.12,0
13.199,0.3584,0.1735,9.8625,-0.0026,0.0238,0.0007,-16.44,-28.31,11.88,-0.0014,0.0006,9.8066,52.59628299999999,-1.608857,147.72,0.0,6.0,114.12,0
13.299,-0.0373,0.0344,9.7854,-0.0062,0.0345,-0.0043,-16.5,-28.5,11.75,-0.0022,-0.0046,9.8066,52.59628299999999,-1.608857,147.72,0.0,6.0,114.12,0
13.4,0.2788,0.0239,9.9461,-0.0022,0.03,-0.0189,-16.0,-28.37,11.94,-0.0019,-0.0027,9.8065,52.59628299999999,-1.608857,147.72,0.0,6.0,114.12,0
13.5,-0.2064,-0.1348,9.8086,0.0029,0.0237,-0.0135,-16.0,-28.56,12.44,-0.0014,-0.0015,9.8066,52.59628299999999,-1.608857,147.72,0.0,6.0,114.12,0
13.6,0.0683,-0.031,9.8342,0.0092,-0.001,-0.0212,-16.44,-28.87,12.0,-0.003,-0.0034,9.8066,52.59628299999999,-1.608857,147.72,0.0,6.0,114.12,0
13.7,-0.1891,-0.1725,9.867,-0.0026,0.008,0.001,-16.5,-28.37,12.31,0.0016,0.0027,9.8066,52.59628299999999,-1.608857,147.72,0.0,6.0,114.12,0
13.8,-0.0638,-0.0261,9.7965,-0.0061,0.0025,0.0067,-16.25,-29.0,12.19,0.0007,-0.0021,9.8066,52.59628299999999,-1.608857,147.72,0.0,6.0,114.12,0
13.9,0.2166,0.0715,9.8783,-0.0067,-0.0246,0.0007,-16.56,-28.62,12.0,-0.0001,0.0006,9.8066,52.59628299999999,-1.608857,147.72,0.0,6.0,114.12,0
14.0,-0.0896,-0.1107,9.7745,-0.0093,-0.0148,0.0105,-16.31,-28.81,12.06,0.0023,0.0005,9.8066,52.59628299999999,-1.608857,147.72,0.0,6.0,114.12,0
14.099,0.2053,0.0389,9.9387,-0.0021,-0.0184,-0.001,-16.06,-27.87,12.38,-0.0028,-0.0003,9.8066,52.59628299999999,-1.608857,147.72,0.0,6.0,114.12,13
14.2,-0.0201,0.1636,9.7845,-0.0039,-0.0029,0.0002,-16.31,-28.62,11.81,0.003,0.0017,9.8066,52.59628299999999,-1.608857,147.72,0.0,6.0,114.12,13
14.3,0.1584,0.0623,9.7666,-0.0076,0.0315,0.0025,-16.56,-28.19,12.25,-0.0003,-0.0014,9.8066,52.59628299999999,-1.608857,147.72,0.0,6.0,114.12,13
14.399,0.0518,0.0661,9.9177,0.0056,0.0229,-0.012,-16.94,-28.81,12.5,-0.0033,0.0004,9.8066,52.59628299999999,-1.608857,147.72,0.0,6.0,114.12,13
14.499,-0.0308,-0.2286,9.7796,0.0099,0.0243,-0.0213,-16.81,-28.44,12.56,-0.0013,-0.0009,9.8066,52.59628299999999,-1.608857,147.72,0.0,6.0,114.12,13
14.6,-0.0834,0.1126,9.8222,0.0019,0.02,-0.0129,-16.75,-28.62,12.5,-0.0005,-0.0011,9.8066,52.59628299999999,-1.608857,147.72,0.0,6.0,114.12,13
14.7,-0.0463,-0.2465,9.8665,0.0002,-0.0042,-0.0138,-16.44,-28.25,12.31,0.0008,-0.0012,9.8066,52.59628299999999,-1.608857,147.72,0.0,6.0,114.12,13
14.799,-0.0792,0.0894,9.8533,-0.003,0.0025,0.0027,-16.0,-29.0,12.56,-0.0015,-0.0022,9.8066,52.59628299999999,-1.608857,147.72,0.0,6.0,114.12,13
14.9,0.1145,0.1764,9.8206,0.0012,-0.0002,0.0143,-16.5,-28.31,12.56,0.0005,0.0019,9.8066,52.59628299999999,-1.608857,147.72,0.0,6.0,114.12,13
15.0,0.2364,0.099,9.8383,-0.0017,-0.0114,0.01,-16.0,-29.0,12.0,0.0003,-0.0017,9.8066,52.59628299999999,-1.608857,147.72,0.0,6.0,114.12,13
15.1,-0.0343,0.1076,9.8876,-0.0138,-0.0273,0.0234,-16.62,-28.75,12.44,0.0049,0.0029,9.8066,52.59628299999999,-1.608857,147.72,0.0,6.0,114.12,15
15.2,-0.0902,-0.3083,9.7991,-0.0148,-0.039,0.0147,-16.44,-28.69,12.06,-0.0006,-0.0004,9.8066,52.59628299999999,-1.608857,147.72,0.0,6.0,114.12,15
15.299,-0.049,0.1307,9.8356,0.0003,-0.0184,0.0019,-15.75,-29.0,12.75,0.0029,0.0022,9.8066,52.59628299999999,-1.608857,147.72,0.0,6.0,114.12,15
15.399,-0.142,-0.2654,9.807,0.0078,-0.0007,-0.0063,-16.5,-28.69,12.06,0.0031,0.0028,9.8066,52.59628299999999,-1.608857,147.72,0.0,6.0,114.12,15
15.5,-0.0558,0.0851,9.8354,0.0105,0.0374,-0.0134,-16.25,-28.94,12.13,-0.0003,0.0002,9.8066,52.59628299999999,-1.608857,147.72,0.0,6.0,114.12,15
15.6,-0.0153,-0.396,9.8806,-0.0005,0.0432,-0.0139,-16.62,-28.69,12.44,0.0049,0.0043,9.8066,52.59628299999999,-1.608857,147.72,0.0,6.0,114.12,15
15.7,-0.0409,0.2075,9.763,-0.0092,0.0386,-0.0126,-16.06,-29.06,12.19,-0.0015,0.0,9.8066,52.59628299999999,-1.608857,147.72,0.0,6.0,114.12,15
15.8,0.2904,0.138,9.8973,0.0011,0.031,-0.0156,-16.44,-29.12,12.25,-0.0018,-0.0004,9.8065,52.59628299999999,-1.608857,147.72,0.0,6.0,114.12,15
15.899,-0.0233,0.0992,9.8264,-0.0017,0.0241,-0.0078,-16.44,-28.5,12.56,-0.0026,-0.003,9.8066,52.59628299999999,-1.608857,147.72,0.0,6.0,114.12,15
16.0,0.1067,0.236,9.8623,0.0033,-0.0002,-0.0061,-17.06,-28.69,12.13,-0.0013,-0.0016,9.8066,52.59628299999999,-1.608857,147.72,0.0,6.0,114.12,15
16.1,-0.0915,-0.2138,9.8601,-0.0087,-0.0078,0.0133,-16.62,-28.31,12.25,-0.0009,-0.0027,9.8066,52.59628299999999,-1.608857,147.72,0.0,6.0,114.12,15
16.2,0.2316,0.1328,9.8782,-0.0099,-0.0218,0.02,-16.62,-28.44,12.5,-0.0033,-0.0039,9.8066,52.59628299999999,-1.608857,147.72,0.0,6.0,114.12,15
16.3,-0.08,-0.2152,9.9145,0.001,-0.0374,0.0068,-16.81,-28.37,11.63,-0.0024,-0.0008,9.8066,52.59628299999999,-1.608857,147.72,0.0,6.0,114.12,15
16.4,-0.1002,0.0395,9.745,-0.0002,-0.023,0.0135,-16.75,-28.5,12.25,0.0003,-0.0015,9.8066,52.59628299999999,-1.608857,147.72,0.0,6.0,114.12,15
16.5,-0.1014,-0.1473,9.7834,0.0064,-0.013,0.0073,-16.37,-28.69,12.31,0.0052,0.0007,9.8066,52.59628299999999,-1.608857,147.72,0.0,6.0,114.12,15
16.599,-0.0917,-0.0506,9.868,0.0017,0.0094,-0.0014,-16.56,-28.25,12.5,-0.0008,-0.0016,9.8066,52.59628299999999,-1.608857,147.72,0.0,6.0,114.12,15
16.7,0.2105,0.1111,9.8025,-0.001,0.0334,0.0025,-16.44,-28.56,12.81,0.001,0.0016,9.8066,52.59628299999999,-1.608857,147.72,0.0,6.0,114.12,15
16.8,-0.2122,-0.1003,9.7004,0.0094,0.034,-0.0248,-16.0,-27.87,12.31,0.0042,0.0012,9.8066,52.59628299999999,-1.608857,147.72,0.0,6.0,114.12,15
16.9,0.3778,0.1343,9.963,0.0096,0.0341,-0.0249,-15.94,-28.37,12.63,0.0001,0.0008,9.8066,52.59628299999999,-1.608857,147.72,0.0,6.0,114.12,15
17.0,-0.0864,0.0825,9.8106,-0.0012,0.0229,-0.0036,-16.87,-28.62,12.31,0.0037,0.0019,9.8066,52.59628299999999,-1.608857,147.72,0.0,6.0,114.12,17
17.099,0.235,0.1667,9.85,-0.0022,0.0005,-0.0093,-16.94,-28.0,12.63,-0.0022,-0.0011,9.8066,52.59628299999999,-1.608857,147.72,0.0,6.0,114.12,17
17.2,-0.0681,0.105,9.8354,0.0053,-0.0113,0.0068,-16.19,-28.62,11.88,-0.0022,0.0011,9.8066,52.59628299999999,-1.608857,147.72,0.0,6.0,114.12,17
17.3,-0.0404,-0.2953,9.8675,0.0068,-0.0141,0.0122,-16.5,-28.81,12.0,-0.0016,-0.0036,9.8066,52.59628299999999,-1.608857,147.72,0.0,6.0,114.12,17
17.4,0.0235,0.0632,9.9016,-0.0028,-0.0446,0.0151,-16.56,-28.44,12.25,-0.0021,-0.0027,9.8066,52.59628299999999,-1.608857,147.72,0.0,6.0,114.12,17
17.5,-0.2349,-0.0788,9.7018,-0.0153,-0.0349,0.0287,-16.81,-29.12,12.63,-0.0018,-0.0048,9.8066,52.59628299999999,-1.608857,147.72,0.0,6.0,114.12,17
17.6,0.4394,0.2321,9.9586,-0.0169,-0.0321,0.0258,-17.31,-28.62,12.31,-0.0059,-0.004,9.8066,52.59628299999999,-1.608857,147.72,0.0,6.0,114.12,17
17.7,-0.1234,0.0545,9.8304,-0.0009,-0.021,0.008,-16.87,-29.06,12.31,-0.0023,-0.0009,9.8066,52.59628299999999,-1.608857,147.72,0.0,6.0,114.12,17
17.8,-0.1191,-0.0728,9.7796,0.0089,0.0313,0.0011,-16.62,-28.44,12.38,-0.0001,-0.0026,9.8066,52.59628299999999,-1.608857,147.72,0.0,6.0,114.12,17
17.9,0.2355,0.1526,9.9515,0.0161,0.0265,-0.0206,-16.56,-28.81,12.5,0.0044,0.0016,9.8066,52.59628299999999,-1.608857,147.72,0.0,6.0,114.12,17
18.0,0.0236,-0.3081,9.8614,-0.0062,0.0237,-0.0191,-16.5,-28.56,12.38,-0.001,0.0,9.8066,52.59628299999999,-1.608857,147.72,0.0,6.0,114.12,13
18.099,0.2229,0.1641,9.8463,-0.0055,0.0219,-0.0165,-16.12,-28.75,12.25,0.0004,0.0029,9.8065,52.59628299999999,-1.608857,147.72,0.0,6.0,114.12,13
18.2,-0.0683,0.0128,9.7238,-0.0008,0.0079,-0.0208,-16.19,-28.75,12.63,0.0041,0.003,9.8066,52.59628299999999,-1.608857,147.72,0.0,6.0,114.12,13
18.299,0.2423,0.1251,9.9273,-0.0015,0.0205,-0.0023,-16.19,-29.19,12.31,-0.0002,0.0007,9.8066,52.59628299999999,-1.608857,147.72,0.0,6.0,114.12,13
18.4,-0.1169999999999999,0.0233,9.8298,0.0036,0.0077,0.0052,-15.87,-28.37,12.5,0.0014,0.0026,9.8066,52.59628299999999,-1.608857,147.72,0.0,6.0,114.12,13
18.499,0.1569,0.1425,9.8239,-0.0043,0.0034,0.0105,-16.81,-28.81,12.06,-0.0024,-0.0001,9.8066,52.59628299999999,-1.608857,147.72,0.0,6.0,114.12,13
18.599,-0.2052,-0.1013,9.8271,-0.0188,-0.0202,0.0216,-16.5,-29.37,12.19,-0.0018,0.0018,9.8066,52.59628299999999,-1.608857,147.72,0.0,6.0,114.12,13
18.7,-0.1721,0.0452,9.7726,0.0011,-0.0298,0.0044,-16.44,-28.56,12.5,0.0006,-0.0008,9.8066,52.59628299999999,-1.608857,147.72,0.0,6.0,114.12,13
18.8,0.1965,0.1822,9.9241,0.0022,-0.0132,-0.0067,-16.62,-28.31,12.31,-0.0039,-0.0008,9.8066,52.59628299999999,-1.608857,147.72,0.0,6.0,114.12,13
18.899,0.0239,-0.1519,9.7988,0.0042,0.0003,-0.0029,-16.12,-28.94,12.44,-0.001,-0.0006,9.8066,52.59628299999999,-1.608857,147.72,0.0,6.0,114.12,13
19.0,0.0246,-0.0252,9.9279,0.0106,0.0117,-0.0237,-16.56,-28.25,12.0,-0.003,-0.0007,9.8066,52.59628299999999,-1.608857,147.72,0.0,6.0,114.12,13
19.1,-0.0771,-0.1909,9.8713,-0.004,0.0426,-0.0087,-16.56,-29.19,12.25,-0.0004,-0.0005,9.8066,52.59628299999999,-1.608857,147.72,0.0,6.0,114.12,0
19.2,0.0244,0.0663,9.8276,-0.0004,0.0413,-0.0187,-16.12,-28.87,12.5,-0.0009,-0.0037,9.8066,52.59628299999999,-1.608857,147.72,0.0,6.0,114.12,0
19.3,0.1012,0.2562,9.8649,0.0016,0.033,-0.0295,-16.87,-28.5,11.63,0.0046,0.0048,9.8066,52.59628299999999,-1.608857,147.72,0.0,6.0,114.12,0
19.399,0.0905,0.1463,9.7756,-0.0096,0.015,-0.0025,-16.31,-28.56,12.56,-0.0007,0.0011,9.8066,52.59628299999999,-1.608857,147.72,0.0,6.0,114.12,0
19.5,0.1864,0.2037,9.9912,-0.0123,-0.0102,-0.0005,-16.25,-28.69,12.44,0.0046,0.0035,9.8066,52.59628299999999,-1.608857,147.72,0.0,6.0,114.12,0
19.6,-0.0871,-0.3416,9.7461,0.0005,-0.0106,0.0079,-16.37,-28.44,11.81,0.0045,0.0051,9.8066,52.59628299999999,-1.608857,147.72,0.0,6.0,114.12,0
19.7,0.064,0.2528,9.8074,-0.0006,-0.0105,0.0188,-16.69,-28.56,12.44,0.0008,0.0012,9.8066,52.59628299999999,-1.608857,147.72,0.0,6.0,114.12,0
19.8,0.0062,-0.3515,9.9295,0.0009,-0.0289,0.0151,-16.56,-28.69,11.5,0.0021,0.0046,9.8066,52.59628299999999,-1.608857,147.72,0.0,6.0,114.12,0
19.9,-0.1077,0.0743,9.7873,-0.001,-0.0428,0.021,-16.44,-28.37,11.88,-0.003,-0.001,9.8066,52.59628299999999,-1.608857,147.72,0.0,6.0,114.12,0
20.0,-0.152,-0.3005,9.8585,0.0025,-0.049,0.0166,-16.44,-28.75,11.88,0.0013,0.0043,9.8066,52.59628299999999,-1.608857,147.72,0.0,6.0,114.12,16
20.099,-0.1068,0.0827,9.7743,0.0134,-0.0051,0.0008,-16.62,-28.19,12.25,-0.0012,-0.0035,9.8066,52.59628299999999,-1.608857,147.72,0.0,6.0,114.12,16
20.2,0.3315,0.0966,9.95,0.0157,0.0239,0.0065,-16.62,-28.0,12.69,-0.0011,0.0017,9.8066,52.59628299999999,-1.608857,147.72,0.0,6.0,114.12,16
20.3,0.0481,0.1009,9.8233,-0.0071,0.0355,-0.0062,-16.25,-28.5,12.5,-0.0037,-0.0036,9.8066,52.59628299999999,-1.608857,147.72,0.0,6.0,114.12,16
20.399,0.2594,0.0688,9.8679,-0.0125,0.0326,-0.0027,-16.56,-28.19,11.69,0.0007,0.0003,9.8066,52.59628299999999,-1.608857,147.72,0.0,6.0,114.12,16
20.5,-0.0337,-0.0568,9.9315,-0.0201,0.0374,-0.0083,-16.44,-28.5,12.13,0.0014,-0.0029,9.8066,52.59628299999999,-1.608857,147.72,0.0,6.0,114.12,16
20.6,0.3034,0.0768,9.9944,0.0053,0.0087,-0.0137,-16.44,-28.37,11.5,-0.0014,-0.0017,9.8066,52.59628299999999,-1.608857,147.72,0.0,6.0,114.12,16
20.699,-0.1865,-0.0415,9.8179,0.0026,0.0061,-0.0054,-16.19,-28.25,11.56,0.0005,0.0011,9.8066,52.59628299999999,-1.608857,147.72,0.0,6.0,114.12,16
20.8,-0.0457,-0.1138,9.844,-0.0003,0.0023,0.0139999999999999,-16.69,-29.0,11.94,0.0026,-0.0012,9.8066,52.59628299999999,-1.608857,147.72,0.0,6.0,114.12,16
20.899,0.1587,0.0258,9.9406,-0.0088,-0.016,-0.0013,-16.25,-28.62,12.06,0.0022,0.0003,9.8066,52.59628299999999,-1.608857,147.72,0.0,6.0,114.12,16
21.0,-0.0568,-0.0384,9.8173,-0.0104,-0.0005,0.017,-16.56,-28.69,11.63,0.0032,0.0011,9.8066,52.59628299999999,-1.608857,147.72,0.0,6.0,114.12,17
21.1,0.2396,0.092,9.9221,0.0059,-0.0045,-0.0068,-16.69,-28.81,12.06,0.0006,0.0017,9.8066,52.59628299999999,-1.608857,147.72,0.0,6.0,114.12,17
21.2,0.026,0.0838,9.8527,-0.0061,-0.038,0.003,-16.44,-28.56,11.88,0.0034,0.0011,9.8066,52.59628299999999,-1.608857,147.72,0.0,6.0,114.12,17
21.3,0.4067,0.2126,10.0002,0.0067,0.0463,-0.0153,-16.87,-28.81,11.75,-0.0035,-0.0004,9.8066,52.59628299999999,-1.608857,147.72,0.0,6.0,114.12,17
21.4,-0.1953,0.0061,9.7759,-0.0104,-0.0084,0.0078,-15.87,-29.44,11.69,0.005,0.0003,9.8066,52.59628299999999,-1.608857,147.72,0.0,6.0,114.12,17
21.5,-0.1657,-0.0078,9.7735,-0.0081,0.0476,-0.0228,-16.25,-28.69,11.56,-0.0014,-0.0039,9.8066,52.59628299999999,-1.608857,147.72,0.0,6.0,114.12,17
21.6,0.3712,0.2264,9.9416,0.0152,0.0328,-0.009,-16.75,-28.69,11.75,-0.0024,-0.0004,9.8066,52.59628299999999,-1.608857,147.72,0.0,6.0,114.12,17
21.7,-0.0002,0.0656,9.8633,0.0055,0.0221,-0.0308,-17.12,-28.56,11.69,-0.0053,-0.0052,9.8066,52.59628299999999,-1.608857,147.72,0.0,6.0,114.12,17
21.8,0.2899,0.1913,9.8447,-0.0129,0.0491,-0.0139999999999999,-16.56,-28.62,11.88,0.002,-0.0024,9.8066,52.59628299999999,-1.608857,147.72,0.0,6.0,114.12,17
21.9,-0.1485,-0.1763,9.925,-0.0049,0.0105,0.0026,-17.0,-28.94,12.25,0.0015,-0.0023,9.8066,52.59628299999999,-1.608857,147.72,0.0,6.0,114.12,17
22.0,0.3068,0.193,9.9375,0.0006,0.0191,-0.0216,-17.06,-28.81,12.06,-0.0029,-0.0046,9.8066,52.59628299999999,-1.608857,147.72,0.0,6.0,114.12,17
22.1,-0.2605,-0.1086,9.8459,0.0013,-0.0141,0.0116,-16.62,-28.19,12.25,0.0015,0.0011,9.8066,52.59628299999999,-1.608857,147.72,0.0,6.0,114.12,19
22.2,-0.1876,-0.1148,9.7991,-0.0111,0.022,0.0043,-16.75,-28.44,12.5,0.0,-0.0024,9.8066,52.59628299999999,-1.608857,147.72,0.0,6.0,114.12,19
22.3,-0.1171,-0.0483,9.8388,-0.006,-0.0386,0.0097,-16.37,-28.87,12.63,0.0033,0.0034,9.8066,52.59628299999999,-1.608857,147.72,0.0,6.0,114.12,19
22.4,-0.0335,-0.0949,9.89,0.0019,-0.0037,0.0121,-16.87,-28.81,12.31,0.0005,0.0018,9.8066,52.59628299999999,-1.608857,147.72,0.0,6.0,114.12,19
22.5,0.0549,0.1243,9.7567,0.0085,-0.0117,0.0001,-16.19,-28.5,12.25,-0.0014,0.0013,9.8066,52.59628299999999,-1.608857,147.72,0.0,6.0,114.12,19
22.6,-0.1666,-0.1661,9.7257,-0.0047,-0.0277,0.0072,-16.56,-28.56,11.75,0.0012,0.0019,9.8066,52.59628299999999,-1.608857,147.72,0.0,6.0,114.12,19
22.699,0.1932,0.1558,9.9079,0.0094,0.0322,0.0002,-16.37,-28.44,12.44,-0.0012,0.0018,9.8066,52.59628299999999,-1.608857,147.72,0.0,6.0,114.12,19
22.8,-0.2419,-0.0597,9.7804,-0.0057,-0.0173,0.0092,-16.81,-28.37,12.38,0.0028,0.0009,9.8066,52.59628299999999,-1.608857,147.72,0.0,6.0,114.12,19
22.899,-0.1549,-0.0656,9.8276,-0.0055,0.0279,-0.012,-16.56,-28.81,12.75,-0.0009,-0.0014,9.8066,52.59628299999999,-1.608857,147.72,0.0,6.0,114.12,19
23.0,-0.088,-0.0311,9.8435,0.0078,0.0266,-0.0058,-16.44,-28.69,12.19,-0.0012,0.0004,9.8065,52.59628299999999,-1.608857,147.72,0.0,6.0,114.12,20
23.1,-0.0473,-0.1493,9.8205,0.0002,0.0028,-0.0149,-16.56,-28.81,11.88,-0.0025,-0.0026,9.8066,52.59628299999999,-1.608857,147.72,0.0,6.0,114.12,20
23.2,0.0456,0.1267,9.8121,-0.001,0.022,-0.0163,-17.12,-28.62,12.06,0.0003,-0.0013,9.8066,52.59628299999999,-1.608857,147.72,0.0,6.0,114.12,20
23.3,-0.1932,-0.1878,9.7346,-0.0107,0.0071,0.0091,-16.44,-29.06,11.63,0.001,-0.0015,9.8066,52.59628299999999,-1.608857,147.72,0.0,6.0,114.12,20
23.4,0.1881,0.1599,9.8974,0.0075,0.0087,-0.0179,-16.12,-28.25,11.88,-0.0023,-0.0025,9.8066,52.59628299999999,-1.608857,147.72,0.0,6.0,114.12,20
23.499,-0.0125,0.1396,9.8519,-0.0038,-0.012,0.0106,-16.31,-28.44,12.19,-0.0011,-0.0015,9.8066,52.59628299999999,-1.608857,147.72,0.0,6.0,114.12,20
23.6,0.1373,0.1522,9.8586,-0.0027,0.0078,0.01,-16.62,-28.37,12.38,-0.0002,-0.0005,9.8066,52.59628299999999,-1.608857,147.72,0.0,6.0,114.12,20
23.7,-0.0139999999999999,0.1718,9.8442,0.001,-0.0495,0.002,-16.06,-28.44,12.0,0.0023,0.0022,9.8066,52.59628299999999,-1.608857,147.72,0.0,6.0,114.12,20
23.799,-0.0408,-0.1967,9.8472,0.0001,-0.0203,0.0206,-16.06,-28.81,12.5,0.0007,0.0024,9.8066,52.59628299999999,-1.608857,147.72,0.0,6.0,114.12,20
23.9,0.1237,0.1564,9.8562,0.0169,-0.0315,-0.0069999999999999,-16.19,-28.44,11.81,0.0003,0.0024,9.8066,52.59628299999999,-1.608857,147.72,0.0,6.0,114.12,20
23.999,-0.2356,-0.2001,9.7643,-0.0126,-0.0357,0.0197,-17.25,-28.44,11.94,0.0044,0.004,9.8066,52.59628299999999,-1.608857,147.72,0.0,6.0,114.12,20
24.1,0.1812,0.1686,9.9246,-0.003,0.0309,0.002,-16.31,-29.0,12.25,-0.0001,0.0002,9.8066,52.59628299999999,-1.608857,147.72,0.0,6.0,114.12,21
24.2,0.0129,0.1241,9.8209,0.0039,-0.0121,0.0021,-16.06,-28.5,12.06,0.0008,0.0011,9.8066,52.59628299999999,-1.608857,147.72,0.0,6.0,114.12,21
24.299,0.1095,0.1261,9.8827,0.0058,0.0356,-0.0211,-16.19,-28.44,12.44,-0.0026,-0.0019,9.8066,52.59628299999999,-1.608857,147.72,0.0,6.0,114.12,21
24.4,-0.0817,0.1887,9.8003,0.0004,0.0346,-0.0067,-16.12,-28.56,12.25,-0.001,0.0003,9.8066,52.59628299999999,-1.608857,147.72,0.0,6.0,114.12,21
24.499,0.0325,-0.3014,9.9057,-0.0076,0.0156,-0.0084,-16.31,-28.81,12.13,-0.0003,-0.0025,9.8066,52.59628299999999,-1.608857,147.72,0.0,6.0,114.12,21
24.599,-0.0144,0.0995,9.8574,0.0005,0.0296,-0.0262,-16.44,-29.25,12.13,-0.0016,-0.0039,9.8066,52.59628299999999,-1.608857,147.72,0.0,6.0,114.12,21
24.7,0.0169,-0.2387,9.7994,-0.0093,0.0146,0.0168,-16.44,-28.69,11.88,0.0013,-0.0014,9.8066,52.59628299999999,-1.608857,147.72,0.0,6.0,114.12,21
24.8,0.0441,0.0875,9.8398,0.0072,0.0115,-0.0371,-16.44,-28.81,12.25,-0.0047,-0.0022,9.8066,52.59628299999999,-1.608857,147.72,0.0,6.0,114.12,21
24.9,-0.0358,0.0696,9.9138,-0.0124,-0.0006,0.0085,-16.0,-28.75,12.5,-0.0003,-0.0006,9.8066,52.59628299999999,-1.608857,147.72,0.0,6.0,114.12,21
24.999,0.1475,0.1591,9.8353,-0.0016,-0.0127,0.0068,-16.19,-28.37,12.5,0.0018,0.0,9.8066,52.59628299999999,-1.608857,147.72,0.0,6.0,114.12,20
25.099,0.0047,0.1448,9.8473,-0.0098,-0.0392,0.0006,-16.75,-28.56,12.81,0.0028,-0.0004,9.8066,52.59628299999999,-1.608857,147.72,0.0,6.0,114.12,20
25.2,-0.0429,-0.2951,9.9289,0.0059,-0.0077,0.02,-16.25,-28.75,12.13,0.0013,0.0036,9.8066,52.59628299999999,-1.608857,147.72,0.0,6.0,114.12,20
25.3,0.0928,0.1033,9.9258,0.0139999999999999,-0.021,-0.0057,-16.44,-28.69,11.75,-0.0019,0.0015,9.8066,52.59628299999999,-1.608857,147.72,0.0,6.0,114.12,20
25.4,-0.1097,-0.2923,9.7482,-0.0158,-0.04,0.0206,-16.19,-28.81,12.31,0.0015,0.0008,9.8066,52.59628299999999,-1.608857,147.72,0.0,6.0,114.12,20
25.499,-0.0148,0.0669,9.8229,-0.0007,0.0304,0.0078,-16.81,-28.69,11.94,-0.0042,-0.0029,9.8066,52.59628299999999,-1.608857,147.72,0.0,6.0,114.12,20
25.6,0.0342,-0.3346,9.8637,0.0083,-0.0093,-0.0023,-16.31,-29.44,11.56,0.0019,0.0012,9.8066,52.59628299999999,-1.608857,147.72,0.0,6.0,114.12,20
25.7,0.2761,0.1599,9.9752,0.0143,0.0389,-0.0347,-16.06,-28.81,12.0,0.0016,-0.002,9.8066,52.59628299999999,-1.608857,147.72,0.0,6.0,114.12,20
25.8,-0.0352,0.2135,9.7671,-0.0139,0.0395,0.0036,-16.37,-27.94,12.5,0.0011,0.0038,9.8066,52.59628299999999,-1.608857,147.72,0.0,6.0,114.12,20
25.9,-0.0091,-0.3381,9.901,-0.0096,0.0193,-0.0139,-16.25,-28.81,11.94,0.0009,0.0023,9.8066,52.59628299999999,-1.608857,147.72,0.0,6.0,114.12,20
26.0,0.0652,0.1206,9.9091,0.0072,0.0352,-0.0302,-15.87,-28.75,12.25,0.0013,0.0033,9.8066,52.59628299999999,-1.608857,147.72,0.0,6.0,114.12,20
26.1,-0.0656,-0.3207,9.78,-0.0018,0.0198,0.0069999999999999,-16.62,-28.62,11.88,0.0048,0.0014,9.8066,52.59628299999999,-1.608857,147.72,0.0,6.0,114.12,20
26.2,-0.0355,0.0725,9.826,-0.0004,0.0154,-0.0225,-16.44,-28.69,11.88,0.0015,-0.0003,9.8066,52.59628299999999,-1.608857,147.72,0.0,6.0,114.12,20
26.3,-0.0973,-0.3161,9.7889,-0.0152,-0.0192,0.0228,-16.62,-28.19,12.44,-0.0014,0.0016,9.8066,52.59628299999999,-1.608857,147.72,0.0,6.0,114.12,20
26.399,-0.1113,0.071,9.8539,0.0001,0.0132,-0.002,-16.75,-29.0,12.56,-0.0037,-0.0028,9.8066,52.59628299999999,-1.608857,147.72,0.0,6.0,114.12,20
26.5,0.2589,0.1854,9.893,-0.0057,-0.0511,0.009,-16.06,-28.12,12.5,0.0013,0.0021,9.8066,52.59628299999999,-1.608857,147.72,0.0,6.0,114.12,20
26.6,-0.0653,0.1937,9.7421,0.0103,-0.0138,0.0199,-16.44,-28.81,12.38,-0.0012,-0.006,9.8066,52.59628299999999,-1.608857,147.72,0.0,6.0,114.12,20
26.7,0.2936,0.195,9.9756,0.0009,-0.0311,0.0035,-17.0,-28.37,12.25,-0.0031,0.0004,9.8066,52.59628299999999,-1.608857,147.72,0.0,6.0,114.12,20
26.799,-0.1099,-0.3575,9.7938,-0.0118,-0.0426,0.026,-16.81,-29.25,11.94,-0.0024,-0.0041,9.8066,52.59628299999999,-1.608857,147.72,0.0,6.0,114.12,20
26.9,0.0216,0.1013,9.8306,0.0034,0.0059,0.0015,-16.19,-28.69,12.31,-0.0038,-0.0025,9.8066,52.59628299999999,-1.608857,147.72,0.0,6.0,114.12,20
27.0,-0.0404,0.1378,9.8989,0.0032,-0.0224,0.0077,-16.44,-29.06,12.19,0.0029,0.0016,9.8066,52.59628299999999,-1.608857,147.72,0.0,6.0,114.12,20
27.099,-0.1325,-0.1072,9.8274,0.0057,0.0415,-0.0208,-16.0,-28.62,11.81,-0.0019,-0.0025,9.8066,52.59628299999999,-1.608857,147.72,0.0,6.0,114.12,20
27.2,-0.1959,-0.1759,9.8217,-0.0021,0.0175,0.0025,-16.44,-29.06,11.75,0.0,0.0022,9.8066,52.59628299999999,-1.608857,147.72,0.0,6.0,114.12,20
27.3,-0.1723,-0.1032,9.7863,-0.0079,0.0377,-0.0156,-16.81,-28.37,12.31,0.0026,0.0008,9.8066,52.59628299999999,-1.608857,147.72,0.0,6.0,114.12,20
27.4,0.4107,0.2227,9.9541,0.0188,0.0337,-0.0346,-16.81,-28.25,12.13,0.0036,0.0038,9.8066,52.59628299999999,-1.608857,147.72,0.0,6.0,114.12,20
27.499,-0.1838,-0.0208,9.8218,-0.0003,0.0195,-0.0084,-16.0,-28.06,12.44,0.0039,0.0016,9.8066,52.59628299999999,-1.608857,147.72,0.0,6.0,114.12,20
27.6,0.1861,0.1977,9.8647,-0.0037,0.0321,-0.0143,-16.44,-28.56,11.88,-0.001,-0.0001,9.8066,52.59628299999999,-1.608857,147.72,0.0,6.0,114.12,20
27.7,-0.1302,-0.2145,9.8281,-0.0056,-0.0037,0.0078,-17.0,-28.69,12.31,0.0043,0.0044,9.8066,52.59628299999999,-1.608857,147.72,0.0,6.0,114.12,20
27.8,-0.0298,0.1116,9.8628,0.0013,0.0106,-0.0015,-17.0,-28.87,12.0,-0.0022,-0.0014,9.8066,52.59628299999999,-1.608857,147.72,0.0,6.0,114.12,20
27.9,0.039,0.2328,9.8614,-0.006,-0.0394,0.0174,-16.0,-28.69,12.19,0.0022,0.0035,9.8066,52.59628299999999,-1.608857,147.72,0.0,6.0,114.12,20
28.0,-0.0134,0.1908,9.8113,-0.002,-0.0124,0.0155,-16.31,-28.81,12.31,-0.003,-0.0047,9.8066,52.59628299999999,-1.608857,147.72,0.0,6.0,114.12,19
28.1,-0.1273,0.0029,9.862,-0.0065,-0.0383,0.025,-16.75,-28.69,12.56,-0.0039,-0.0015,9.8066,52.59628299999999,-1.608857,147.72,0.0,6.0,114.12,19
28.199,-0.1365,-0.2946,9.8631,-0.0066,-0.0288,0.0158,-16.56,-28.81,12.06,-0.0017,-0.0023,9.8066,52.59628299999999,-1.608857,147.72,0.0,6.0,114.12,19
28.3,0.0444,0.1523,9.8698,0.0011,0.0002,0.003,-16.81,-28.56,12.06,-0.0028,-0.0029,9.8065,52.59628299999999,-1.608857,147.72,0.0,6.0,114.12,19
28.4,-0.2044,-0.2276,9.7716,-0.0019,-0.051,0.0128,-16.25,-28.56,12.56,0.0019,0.0001,9.8066,52.59628299999999,-1.608857,147.72,0.0,6.0,114.12,19
28.5,0.1558,0.1011,9.9335,0.0102,0.0305,-0.0197,-16.69,-28.87,12.25,-0.0023,-0.0026,9.8066,52.59628299999999,-1.608857,147.72,0.0,6.0,114.12,19
28.6,-0.0122,0.0305,9.8477,0.0003,-0.0061,-0.0039,-16.37,-28.5,12.06,0.0018,0.0037,9.8066,52.59628299999999,-1.608857,147.72,0.0,6.0,114.12,19
28.7,-0.2893,-0.3001,9.7636,0.0046,0.0644,-0.0297,-16.25,-28.25,12.19,0.0003,0.0021,9.8066,52.59628299999999,-1.608857,147.72,0.0,6.0,114.12,19
28.8,-0.0881,-0.059,9.7842,0.0044,0.032,-0.0258,-16.56,-28.62,11.75,0.0032,0.0056,9.8066,52.59628299999999,-1.608857,147.72,0.0,6.0,114.12,19
28.9,-0.094,0.0104,9.8752,-0.0012,0.0432,-0.0282,-16.0,-28.56,12.88,0.0021,0.0033,9.8066,52.59628299999999,-1.608857,147.72,0.0,6.0,114.12,19
29.0,0.0214,0.1547,9.8541,-0.0004,0.0619,-0.0171,-16.44,-28.19,12.0,0.0029,0.0035,9.8066,52.59628299999999,-1.608857,147.72,0.0,6.0,114.12,20
29.1,-0.2298,-0.3847,9.8226,0.001,0.0002,-0.0189,-16.12,-28.87,12.0,0.0033,0.0056,9.8066,52.59628299999999,-1.608857,147.72,0.0,6.0,114.12,20
29.2,0.1268,0.1166,9.8998,0.0005,0.0592,-0.0299,-16.37,-29.06,12.81,0.001,0.0018,9.8066,52.59628299999999,-1.608857,147.72,0.0,6.0,114.12,20
29.3,-0.3121,-0.3072,9.797,-0.0069,-0.0263,0.0186,-16.44,-28.44,11.5,0.0023,0.0031,9.8066,52.59628299999999,-1.608857,147.72,0.0,6.0,114.12,20
29.4,0.2804,0.1688,9.9179,0.0054,0.0126,-0.021,-16.69,-29.12,12.31,-0.0004,-0.0019,9.8066,52.59628299999999,-1.608857,147.72,0.0,6.0,114.12,20
29.499,-0.0139,0.2814,9.7825,0.0026,-0.0353,0.0203,-15.69,-28.69,12.44,0.0026,0.0018,9.8066,52.59628299999999,-1.608857,147.72,0.0,6.0,114.12,20
29.599,0.3217,0.1763,9.8704,-0.0016,-0.0189,0.0121,-16.37,-28.44,12.38,-0.0012,-0.0037,9.8066,52.59628299999999,-1.608857,147.72,0.0,6.0,114.12,20
29.7,0.0688,0.213,9.8798,-0.0001,-0.0468,0.0218,-16.25,-27.94,12.25,-0.0019,0.0009,9.8066,52.59628299999999,-1.608857,147.72,0.0,6.0,114.12,20
29.8,-0.2997,-0.3589,9.7915,-0.0035,-0.0321,0.0328,-16.06,-28.75,12.06,-0.0048,-0.0049,9.8066,52.59628299999999,-1.608857,147.72,0.0,6.0,114.12,20
29.899,0.356,0.3189,9.9203,-0.0088,-0.0372,0.0221,-17.0,-28.94,12.0,-0.0028,-0.003,9.8066,52.59628299999999,-1.608857,147.72,0.0,6.0,114.12,20
30.0,-0.3512,-0.111,9.7971,-0.0086,-0.0485,0.0338,-16.25,-29.0,11.56,-0.0037,-0.0037,9.8066,52.59628299999999,-1.608857,147.72,0.0,6.0,114.12,21
30.1,0.3479,0.3576,9.9292,-0.0064,-0.0045,0.0075,-16.37,-28.75,12.19,-0.0058,-0.0053,9.8066,52.59628299999999,-1.608857,147.72,0.0,6.0,114.12,21
30.2,-0.1613,-0.0774,9.795,-0.0164,-0.0439,0.0339,-16.25,-28.5,12.13,-0.0036,-0.0008,9.8066,52.59628299999999,-1.608857,147.72,0.0,6.0,114.12,21
30.3,0.3826,0.344,9.9227,0.0099,0.022,-0.0199,-16.37,-28.37,12.19,-0.0018,-0.0051,9.8066,52.59628299999999,-1.608857,147.72,0.0,6.0,114.12,21
30.4,-0.1057,-0.1775,9.8449,-0.0062,-0.0238,0.0153,-16.75,-28.12,12.06,-0.0012,0.0012,9.8066,52.59628299999999,-1.608857,147.72,0.0,6.0,114.12,21
30.5,-0.2565,-0.2327,9.7892,0.0016,0.068,-0.0263,-16.06,-27.87,12.5,-0.0027,-0.0031,9.8066,52.59628299999999,-1.608857,147.72,0.0,6.0,114.12,21
30.6,-0.1369999999999999,-0.2852,9.8826,0.0015,0.0082,-0.0025,-16.81,-28.62,12.0,0.0019,0.0045,9.8066,52.59628299999999,-1.608857,147.72,0.0,6.0,114.12,21
30.7,-0.2805,-0.1944,9.7395,-0.0092,0.0511,-0.0223,-16.94,-28.0,12.25,0.0027,0.001,9.8066,52.59628299999999,-1.608857,147.72,0.0,6.0,114.12,21
30.8,0.4247,0.3531,9.8821,0.0064,0.0553,-0.0226,-16.69,-28.87,11.88,0.0054,0.0052,9.8066,52.59628299999999,-1.608857,147.72,0.0,6.0,114.12,21
30.9,-0.1342,-0.4269,9.8609,0.0066,0.0203,-0.0172,-16.12,-28.75,11.25,0.0048,0.0035,9.8066,52.59628299999999,-1.608857,147.72,0.0,6.0,114.12,21
31.0,0.1644,0.3361,9.8199,-0.0114,0.0441,-0.0206,-16.81,-28.94,12.25,-0.0009,0.002,9.8066,52.59628299999999,-1.608857,147.72,0.0,6.0,114.12,22
31.1,-0.1789,-0.1544,9.8701,-0.0151,-0.01,0.0085,-16.5,-28.44,11.94,0.0007,0.0052,9.8066,52.59628299999999,-1.608857,147.72,0.0,6.0,114.12,22
31.199,0.0645,0.2326,9.8139,0.0099,0.0212,-0.0187,-16.94,-28.5,12.25,-0.0018,-0.0005,9.8066,52.59628299999999,-1.608857,147.72,0.0,6.0,114.12,22
31.3,0.1973,0.0893,9.8436,0.0005,-0.0257,0.022,-16.56,-28.69,11.69,-0.0006,0.0009,9.8066,52.59628299999999,-1.608857,147.72,0.0,6.0,114.12,22
31.4,-0.1561,0.2209,9.676,-0.0055,-0.0059,0.0061,-16.69,-29.19,12.06,0.0017,-0.0028,9.8065,52.59628299999999,-1.608857,147.72,0.0,6.0,114.12,22
31.5,0.2617,0.0344,9.9306,-0.0008,-0.0291,0.0148,-16.44,-28.44,12.5,-0.0038,0.0016,9.8066,52.59628299999999,-1.608857,147.72,0.0,6.0,114.12,22
31.599,-0.2611,-0.0658,9.832,-0.009,-0.0125,0.0187,-16.69,-28.62,11.94,0.0014,0.0007,9.8066,52.59628299999999,-1.608857,147.72,0.0,6.0,114.12,22
31.699,0.1571,-0.0677,9.8864,0.0151,0.0023,-0.0028,-16.5,-28.69,12.19,-0.0017,0.0014,9.8066,52.59628299999999,-1.608857,147.72,0.0,6.0,114.12,22
31.8,0.0053,0.0451,9.8741,0.0056,-0.0101,-0.0111,-17.0,-29.0,12.06,-0.0022,0.0012,9.8066,52.59628299999999,-1.608857,147.72,0.0,6.0,114.12,22
31.899,-0.077,-0.0364,9.7748,0.0008,0.0203,0.0024,-16.06,-28.62,12.19,-0.0043,-0.0014,9.8066,52.59628299999999,-1.608857,147.72,0.0,6.0,114.12,22
32.0,0.185,0.0717,9.8847,0.0032,0.0128,-0.0172,-16.37,-28.44,12.31,-0.0018,-0.0023,9.8066,52.59628299999999,-1.608857,147.72,0.0,6.0,114.12,22
32.1,-0.2397,0.0193,9.774,-0.0081,0.0155,-0.0018,-16.44,-28.75,12.88,0.0004,-0.0009,9.8066,52.59628299999999,-1.608857,147.72,0.0,6.0,114.12,22
32.199,0.201,0.1853,9.9339,0.0085,0.0312,-0.0114,-16.81,-28.69,12.25,-0.0054,-0.001,9.8066,52.59628299999999,-1.608857,147.72,0.0,6.0,114.12,22
32.3,-0.0644,-0.0624,9.8011,0.0103,-0.0198,-0.008,-16.75,-29.0,11.94,-0.0017,-0.0001,9.8066,52.59628299999999,-1.608857,147.72,0.0,6.0,114.12,22
32.4,0.3087,0.1694,9.9498,-0.0076,0.0199,-0.001,-16.31,-28.69,12.38,0.0002,-0.0013,9.8066,52.59628299999999,-1.608857,147.72,0.0,6.0,114.12,22
32.5,-0.0871,-0.0925,9.7811,-0.0084,-0.0183,0.0191,-16.31,-28.56,12.13,0.003,0.0027,9.8066,52.59628299999999,-1.608857,147.72,0.0,6.0,114.12,22
32.599,-0.0678,0.0469,9.8905,0.01,-0.0127,-0.0054,-16.56,-28.81,12.13,-0.0024,-0.0007,9.8066,52.59628299999999,-1.608857,147.72,0.0,6.0,114.12,22
32.7,-0.0339,0.1831,9.7889,-0.0054,-0.0308,0.0358,-16.62,-28.44,12.44,0.0016,0.0054,9.8066,52.59628299999999,-1.608857,147.72,0.0,6.0,114.12,22
32.8,-0.3092,-0.1382,9.7662,-0.0075,-0.0212,0.0178,-16.25,-28.75,12.44,0.0019,0.0002,9.8066,52.59628299999999,-1.608857,147.72,0.0,6.0,114.12,22
32.9,0.0296,0.187,9.8484,0.0011,0.0531,-0.0232,-16.44,-28.37,12.13,0.0049,0.0019,9.8066,52.59628299999999,-1.608857,147.72,0.0,6.0,114.12,22
32.999,-0.1336,-0.0663,9.7974,0.0004,0.0142,-0.0118,-16.44,-28.75,12.13,0.0023,0.0032,9.8066,52.59628299999999,-1.608857,147.72,0.0,6.0,114.12,22
33.099,0.3126,0.3121,9.8641,-0.006,0.0418,-0.021,-16.44,-28.31,12.31,-0.001,0.0005,9.8066,52.59628299999999,-1.608857,147.72,0.0,6.0,114.12,22
33.2,-0.0993,0.038,9.8657,-0.0065,0.0053,0.0155,-16.44,-28.19,11.88,0.0035,0.0047,9.8066,52.59628299999999,-1.608857,147.72,0.0,6.0,114.12,22
33.3,-0.1062,-0.3513,9.8455,0.0111,0.0069,-0.0209,-16.69,-28.81,12.38,-0.0005,-0.0014,9.8066,52.59628299999999,-1.608857,147.72,0.0,6.0,114.12,22
33.4,-0.1477,-0.2195,9.9022,-0.0052,-0.0353,0.0228,-16.75,-29.19,12.88,-0.0006,0.002,9.8066,52.59628299999999,-1.608857,147.72,0.0,6.0,114.12,22
33.5,-0.1267,-0.0009,9.7871,0.0004,-0.0035,0.0093,-16.12,-28.94,12.5,-0.0008,-0.0037,9.8066,52.59628299999999,-1.608857,147.72,0.0,6.0,114.12,22
33.6,0.2737,0.1581,9.8622,-0.0019,-0.0431,0.0156,-16.06,-28.56,12.5,-0.0004,0.0014,9.8066,52.59628299999999,-1.608857,147.72,0.0,6.0,114.12,22
33.7,-0.0506,0.0627,9.7579,-0.0074,-0.0155,0.0141,-16.31,-28.44,12.13,-0.0008,-0.0034,9.8066,52.59628299999999,-1.608857,147.72,0.0,6.0,114.12,22
33.799,0.1995,0.1233,9.8752,0.0067,0.0019,0.0031,-16.56,-28.37,12.13,-0.0018,-0.0011,9.8066,52.59628299999999,-1.608857,147.72,0.0,6.0,114.12,22
33.9,-0.0987,-0.095,9.8461,0.0001,-0.0335,0.0031,-16.5,-28.69,11.94,0.001,0.0,9.8066,52.59628299999999,-1.608857,147.72,0.0,6.0,114.12,22
33.999,0.0431,-0.2102,9.8778,0.0047,0.0015,-0.0132,-16.75,-28.69,12.56,-0.0013,-0.0008,9.8066,52.59628299999999,-1.608857,147.72,0.0,6.0,114.12,23
34.1,-0.0891,-0.0466,9.8846,-0.0099,-0.0031,0.0105,-16.37,-28.94,13.0,0.0006,0.0013,9.8066,52.59628299999999,-1.608857,147.72,0.0,6.0,114.12,23
34.2,-0.1674,-0.0363,9.7453,-0.0058,-0.0071,0.0063,-16.44,-28.44,12.25,0.0022,-0.001,9.8066,52.59628299999999,-1.608857,147.72,0.0,6.0,114.12,23
34.3,0.1623,0.079,9.8661,-0.0022,-0.0156,0.0049,-16.06,-28.87,12.44,0.0025,0.0023,9.8066,52.59628299999999,-1.608857,147.72,0.0,6.0,114.12,23
34.4,-0.1261,-0.064,9.7686,-0.0092,-0.0096,0.0046,-16.31,-28.5,12.31,0.0018,0.0013,9.8066,52.59628299999999,-1.608857,147.72,0.0,6.0,114.12,23
34.5,0.1969999999999999,0.0591,9.9309,0.0101,0.0133,-0.0229,-16.56,-28.87,12.06,-0.002,0.0,9.8066,52.59628299999999,-1.608857,147.72,0.0,6.0,114.12,23
34.6,-0.0468,0.1132,9.8228,-0.0027,-0.0264,0.0045,-16.44,-28.31,12.06,0.0024,0.0008,9.8066,52.59628299999999,-1.608857,147.72,0.0,6.0,114.12,23
34.7,0.0858,0.1122,9.7631,-0.0087,0.0225,-0.0107,-16.25,-29.12,12.38,-0.0008,-0.0018,9.8066,52.59628299999999,-1.608857,147.72,0.0,6.0,114.12,23
34.799,0.2035,0.1448,9.9975,0.0287,0.022,-0.0181,-16.81,-28.75,12.19,-0.0047,0.0012,9.8066,52.59628299999999,-1.608857,147.72,0.0,6.0,114.12,23
34.9,-0.0636,-0.3359,9.7929,0.0004,0.0159,-0.0278,-17.0,-28.87,11.63,-0.0034,-0.0033,9.8066,52.59628299999999,-1.608857,147.72,0.0,6.0,114.12,23
35.0,0.1363,0.0879,9.8872,-0.0066,0.045,0.0024,-16.31,-28.69,12.75,-0.002,-0.0008,9.8066,52.59628299999999,-1.608857,147.72,0.0,6.0,114.12,21
35.1,-0.1322,-0.1409,9.78,-0.0075,-0.0089,-0.0074,-16.31,-29.06,12.56,0.0013,-0.001,9.8066,52.59628299999999,-1.608857,147.72,0.0,6.0,114.12,21
35.2,0.1844,0.0579999999999999,9.9215,0.0034,0.0227,-0.0013,-16.19,-29.06,12.31,-0.0018,-0.0012,9.8066,52.59628299999999,-1.608857,147.72,0.0,6.0,114.12,21
35.3,0.0036,0.1969,9.8265,-0.0021,-0.0181,0.0161,-16.62,-28.75,12.06,0.0012,0.0039,9.8066,52.59628299999999,-1.608857,147.72,0.0,6.0,114.12,21
35.4,0.1074,0.1607,9.7617,0.0029,-0.0027,-0.0071,-16.56,-28.37,11.81,-0.001,-0.0011,9.8066,52.59628299999999,-1.608857,147.72,0.0,6.0,114.12,21
35.5,0.1576,0.1515,9.9479,-0.0172,-0.0368,0.0276,-16.69,-28.81,12.19,0.0035,0.0028,9.8066,52.59628299999999,-1.608857,147.72,0.0,6.0,114.12,21
35.599,-0.0653,-0.3371,9.7677,-0.0051,-0.0385,0.0131,-16.44,-28.25,12.25,0.0027,0.0017,9.8066,52.59628299999999,-1.608857,147.72,0.0,6.0,114.12,21
35.7,-0.0111,0.138,9.7982,-0.0057,-0.0223,0.0087,-16.19,-28.5,12.13,0.003,0.0023,9.8066,52.59628299999999,-1.608857,147.72,0.0,6.0,114.12,21
35.799,-0.0074,-0.322,9.9321,0.0033,-0.0411,0.0236,-16.5,-28.75,12.13,0.002,0.005,9.8066,52.59628299999999,-1.608857,147.72,0.0,6.0,114.12,21
35.9,-0.1005,0.086,9.7781,0.0087,0.0102,-0.0125,-16.56,-28.69,12.06,-0.0027,-0.001,9.8066,52.59628299999999,-1.608857,147.72,0.0,6.0,114.12,21
36.0,-0.113,-0.2263,9.8362,0.0025,-0.0133,0.0143,-16.37,-28.94,12.31,0.0031,0.0048,9.8066,52.59628299999999,-1.608857,147.72,0.0,6.0,114.12,21
36.1,0.0041,0.0781,9.7821,-0.0104,0.0153,-0.0164,-16.25,-28.87,12.25,-0.0022,-0.0027,9.8066,52.59628299999999,-1.608857,147.72,0.0,6.0,114.12,21
36.2,0.3117,0.0382,9.9403,0.0147,0.0154,-0.0052,-16.87,-28.44,11.75,-0.0023,0.0022,9.8066,52.59628299999999,-1.608857,147.72,0.0,6.0,114.12,21
36.3,-0.0313,0.0874,9.8089,-0.0015,0.0203,-0.0109,-16.44,-28.87,12.0,-0.0006,-0.0012,9.8066,52.59628299999999,-1.608857,147.72,0.0,6.0,114.12,21
36.4,0.2477,-0.0017,9.8546,-0.0067,0.0094,-0.0066,-16.44,-28.44,12.19,-0.0026,-0.0004,9.8066,52.59628299999999,-1.608857,147.72,0.0,6.0,114.12,21
36.5,-0.0655,0.0103,9.9208,-0.0125,-0.003,0.005,-16.69,-29.0,11.88,0.0012,-0.0012,9.8066,52.59628299999999,-1.608857,147.72,0.0,6.0,114.12,21
36.6,-0.0863,-0.1882,9.7337,-0.0024,0.0139,0.0066,-16.56,-28.94,12.5,-0.0012,-0.0008,9.8066,52.59628299999999,-1.608857,147.72,0.0,6.0,114.12,21
36.7,-0.0309,-0.1827,9.7952,-0.0071,-0.0287,0.0091,-16.5,-29.0,12.19,0.0022,0.0008,9.8066,52.59628299999999,-1.608857,147.72,0.0,6.0,114.12,21
36.8,-0.1153,-0.0313,9.8394,0.0054,-0.0094,0.0066,-16.44,-28.69,12.69,0.0017,0.0022,9.8066,52.59628299999999,-1.608857,147.72,0.0,6.0,114.12,21
36.9,0.319,0.1676,9.9232,-0.0132,-0.0233,0.0217,-16.06,-28.37,11.63,0.0027,0.003,9.8066,52.59628299999999,-1.608857,147.72,0.0,6.0,114.12,21
36.999,-0.1178,-0.0215,9.8587,-0.0024,-0.0241,0.0133,-17.06,-28.75,12.13,0.0014,0.002,9.8066,52.59628299999999,-1.608857,147.72,0.0,6.0,114.12,21
37.099,0.2453,0.1605,9.8347,0.0017,-0.0153,0.0011,-16.5,-28.37,12.38,0.0016,0.001,9.8066,52.59628299999999,-1.608857,147.72,0.0,6.0,114.12,21
37.2,-0.0249,-0.0473,9.8864,-0.0045,-0.0245,0.0181,-16.19,-28.87,11.75,0.0025,0.0038,9.8066,52.59628299999999,-1.608857,147.72,0.0,6.0,114.12,21
37.3,0.4036,0.1709,9.9574,0.0162,0.0241,-0.02,-16.06,-28.94,12.13,-0.0026,-0.0012,9.8066,52.59628299999999,-1.608857,147.72,0.0,6.0,114.12,21
37.4,-0.1296,-0.1056,9.8388,-0.0084,-0.0182,0.0125,-16.06,-28.75,12.31,0.0049,0.003,9.8066,52.59628299999999,-1.608857,147.72,0.0,6.0,114.12,21
37.5,-0.1501,-0.2023,9.8323,-0.0099,0.0519,-0.0144,-16.44,-28.81,12.31,-0.001,-0.0016,9.8066,52.59628299999999,-1.608857,147.72,0.0,6.0,114.12,21
37.599,-0.1801,-0.1672,9.8782,0.017,0.0157,-0.0116,-16.62,-29.19,12.38,-0.0027,-0.0005,9.8066,52.59628299999999,-1.608857,147.72,0.0,6.0,114.12,21
37.7,-0.1457,-0.1859,9.7916,0.0002,0.0329,-0.0117,-16.12,-29.12,12.13,-0.0011,-0.0015,9.8066,52.59628299999999,-1.608857,147.72,0.0,6.0,114.12,21
37.799,0.2769,0.1463,9.8635,-0.0053,0.012,-0.0122,-16.19,-28.94,12.06,-0.0025,-0.0024,9.8066,52.59628299999999,-1.608857,147.72,0.0,6.0,114.12,21
37.9,-0.0035,-0.2673,9.8895,-0.0001,0.0034,-0.0044,-16.31,-28.75,12.44,0.0006,-0.0022,9.8066,52.59628299999999,-1.608857,147.72,0.0,6.0,114.12,21
37.999,-0.1569,0.0749,9.7657,-0.0038,0.0193,-0.0119,-16.69,-28.12,12.38,-0.0024,-0.0032,9.8066,52.59628299999999,-1.608857,147.72,0.0,6.0,114.12,21
38.1,-0.011,-0.1916,9.9136,0.0034,-0.0021,0.0049,-16.19,-28.81,12.44,0.0006,0.0017,9.8066,52.59628299999999,-1.608857,147.72,0.0,6.0,114.12,21
38.2,0.0535,0.1645,9.7746,-0.0051,0.0037,-0.0059,-16.69,-28.31,12.56,0.0007,-0.0021,9.8066,52.59628299999999,-1.608857,147.72,0.0,6.0,114.12,21
38.3,0.0657,0.0138,9.89,-0.0122,-0.0177,0.0204,-16.06,-28.19,12.19,0.0027,0.0015,9.8066,52.59628299999999,-1.608857,147.72,0.0,6.0,114.12,21
38.399,0.1075,-0.1861,9.8566,-0.001,-0.0042,-0.0028,-16.19,-28.06,12.38,-0.0003,-0.001,9.8066,52.59628299999999,-1.608857,147.72,0.0,6.0,114.12,21
38.501,0.0607,0.0809,9.8175,0.0051,-0.0063,0.0043,-16.56,-29.25,12.38,0.0001,0.0014,9.8066,52.59628299999999,-1.608857,147.72,0.0,6.0,114.12,21
38.6,-0.0746,-0.0579999999999999,9.7962,-0.0065,-0.0054,0.0044,-16.62,-29.0,12.5,0.0015,0.0006,9.8066,52.59628299999999,-1.608857,147.72,0.0,6.0,114.12,21
38.7,0.051,0.0434,9.8586,0.012,0.013,-0.0113,-16.25,-28.5,12.38,-0.0018,-0.0003,9.8066,52.59628299999999,-1.608857,147.72,0.0,6.0,114.12,21
38.8,-0.0029,-0.1484,9.8317,-0.002,-0.0079,0.005,-16.56,-28.75,11.88,0.002,0.0019,9.8066,52.59628299999999,-1.608857,147.72,0.0,6.0,114.12,21
38.9,0.0936,-0.1779,9.8372,0.0038,0.0302,-0.0102,-16.12,-29.06,12.5,-0.003,-0.0007,9.8066,52.59628299999999,-1.608857,147.72,0.0,6.0,114.12,21
39.0,-0.1399,-0.0056,9.8176,0.0084,0.0372,-0.0231,-16.19,-28.37,12.38,-0.0031,-0.001,9.8066,52.59628299999999,-1.608857,147.72,0.0,6.0,114.12,20
39.099,-0.0837,-0.1867,9.8379,0.002,0.013,-0.0039,-16.37,-28.87,12.06,-0.0015,-0.0019,9.8066,52.59628299999999,-1.608857,147.72,0.0,6.0,114.12,20
39.2,0.0602,0.1101,9.8119,0.0065,-0.0058,0.0051,-15.94,-28.56,12.31,-0.0013,-0.0017,9.8066,52.59628299999999,-1.608857,147.72,0.0,6.0,114.12,20
39.3,-0.1844,-0.1949,9.7838,-0.01,-0.0159,0.008,-16.31,-28.62,12.13,0.0024,0.0002,9.8066,52.59628299999999,-1.608857,147.72,0.0,6.0,114.12,20
39.399,0.1695,0.1689999999999999,9.8678,-0.0023,0.0193,-0.0124,-16.5,-28.87,12.19,-0.0033,-0.0028,9.8066,52.59628299999999,-1.608857,147.72,0.0,6.0,114.12,20
39.5,0.0742,0.176,9.9045,0.0083,-0.0094,-0.0027,-17.06,-28.37,12.06,0.001,0.0014,9.8066,52.59628299999999,-1.608857,147.72,0.0,6.0,114.12,20
39.6,0.1122,0.1932,9.8182,0.0035,0.0328,-0.03,-16.44,-28.56,11.94,0.0007,-0.0007,9.8066,52.59628299999999,-1.608857,147.72,0.0,6.0,114.12,20
39.699,0.1503,0.0742,9.8538,0.0034,0.0323,-0.0119,-16.31,-28.75,12.31,0.003,0.0031,9.8066,52.59628299999999,-1.608857,147.72,0.0,6.0,114.12,20
39.799,-0.0067,-0.2441,9.9038,-0.0056,0.0171,-0.0095,-16.25,-28.81,11.94,0.0006,0.0014,9.8066,52.59628299999999,-1.608857,147.72,0.0,6.0,114.12,20
39.9,0.0614,0.088,9.9102,-0.0101,0.0378,0.0009,-16.12,-28.75,12.38,-0.0016,0.0015,9.8066,52.59628299999999,-1.608857,147.72,0.0,6.0,114.12,20
40.0,-0.0912,-0.2047,9.8388,-0.0005,0.0031,0.0082,-16.06,-28.94,12.38,0.0038,0.001,9.8065,52.59628299999999,-1.608857,147.72,0.0,6.0,114.12,20
40.1,-0.1073,0.0292,9.8175,-0.0056,0.0166,-0.0061,-16.06,-28.75,12.06,-0.0016,-0.0001,9.8066,52.59628299999999,-1.608857,147.72,0.0,6.0,114.12,20
40.2,-0.0099,-0.1992,9.9201,-0.0082,-0.0231,0.0188,-16.37,-28.69,12.5,0.0001,0.0014,9.8066,52.59628299999999,-1.608857,147.72,0.0,6.0,114.12,20
40.299,-0.1416,0.0625,9.6833,-0.0114,-0.01,-0.0034,-16.69,-29.0,12.31,-0.0041,-0.0006,9.8066,52.59628299999999,-1.608857,147.72,0.0,6.0,114.12,20
40.4,0.3394,0.1227,9.9451,-0.0152,-0.0331,0.0273,-16.31,-29.0,12.19,-0.0018,0.0005,9.8066,52.59628299999999,-1.608857,147.72,0.0,6.0,114.12,20
40.499,-0.1099,0.0335,9.8123,0.0053,-0.0159,0.0067,-16.69,-29.06,11.88,-0.0013,-0.0041,9.8066,52.59628299999999,-1.608857,147.72,0.0,6.0,114.12,20
40.599,0.2164,0.1027,9.8685,0.0114,-0.009,-0.0043,-16.5,-29.0,12.06,-0.0021,-0.0017,9.8066,52.59628299999999,-1.608857,147.72,0.0,6.0,114.12,20
40.7,-0.0435,0.0001,9.833,-0.0162,-0.0173,0.0196,-16.81,-28.69,11.75,0.0006,-0.0021,9.8066,52.59628299999999,-1.608857,147.72,0.0,6.0,114.12,20
40.799,0.2469,0.1243,9.862,0.0051,0.0067,-0.0151,-16.62,-28.69,12.25,-0.0014,-0.0036,9.8066,52.59628299999999,-1.608857,147.72,0.0,6.0,114.12,20
40.899,0.2649,0.128,9.8541,0.0084,-0.0149,-0.0025,-16.5,-29.06,11.88,0.0013,0.0024,9.8066,52.59628299999999,-1.608857,147.72,0.0,6.0,114.12,20
41.0,0.1973,0.1686,9.873,0.0055,0.0425,-0.0214,-16.44,-28.94,13.06,0.0003,-0.0007,9.8066,52.59628299999999,-1.608857,147.72,0.0,6.0,114.12,20
41.1,0.0618,0.1223,9.8232,0.0082,0.0204,-0.0148,-16.69,-28.87,12.31,0.0054,0.0028,9.8066,52.59628299999999,-1.608857,147.72,0.0,6.0,114.12,20
41.2,0.024,-0.297,9.9245,-0.0084,0.0238,-0.0118,-16.62,-28.81,11.88,-0.0005,0.0013,9.8066,52.59628299999999,-1.608857,147.72,0.0,6.0,114.12,20
41.299,0.0927,0.0825,9.918,-0.0178,0.0664,-0.0094,-16.44,-28.12,12.5,-0.0015,0.0038,9.8066,52.59628299999999,-1.608857,147.72,0.0,6.0,114.12,20
41.4,-0.0816,-0.2541,9.8135,0.0036,0.0084,-0.0029,-17.12,-28.31,12.19,0.0034,0.002,9.8066,52.59628299999999,-1.608857,147.72,0.0,6.0,114.12,20
41.5,-0.0498,0.0546,9.8261,-0.0048,0.0219,-0.0092,-16.75,-29.0,12.63,-0.0003,0.0008,9.8066,52.59628299999999,-1.608857,147.72,0.0,6.0,114.12,20
41.6,-0.0803,-0.1984,9.9249,-0.0051,-0.0194,0.0112,-16.62,-28.19,12.06,0.0012,0.0017,9.8066,52.59628299999999,-1.608857,147.72,0.0,6.0,114.12,20
41.7,-0.0828,0.0955,9.7295,-0.0068,0.0128,-0.0066,-16.12,-28.31,12.25,-0.0021,-0.0009,9.8066,52.59628299999999,-1.608857,147.72,0.0,6.0,114.12,20
41.799,0.3213,0.0631,9.957,-0.0128,-0.0271,0.0142,-16.06,-28.37,12.38,-0.0031,0.0003,9.8066,52.59628299999999,-1.608857,147.72,0.0,6.0,114.12,20
41.899,-0.1377,0.0009,9.8434,-0.0003,-0.0286,-0.0034,-16.62,-28.75,12.06,-0.0003,-0.0023,9.8066,52.59628299999999,-1.608857,147.72,0.0,6.0,114.12,20
41.999,0.0668,0.1566,9.8689,0.0021,-0.0034,-0.003,-16.06,-28.81,11.69,-0.0033,-0.0011,9.8066,52.59628299999999,-1.608857,147.72,0.0,6.0,114.12,20
42.1,0.0086,-0.1473,9.8135,-0.009,-0.0189,0.0119,-16.62,-29.0,11.56,0.0014,-0.0002,9.8066,52.59628299999999,-1.608857,147.72,0.0,6.0,114.12,20
42.2,-0.1549,-0.0684,9.8294,0.0006,0.0171,-0.0207,-16.31,-28.56,12.19,-0.0006,0.0005,9.8066,52.59628299999999,-1.608857,147.72,0.0,6.0,114.12,20
42.3,0.0106,-0.1836,9.9077,0.0089,0.0001,0.0055,-16.37,-29.19,12.06,0.0013,0.0015,9.8066,52.59628299999999,-1.608857,147.72,0.0,6.0,114.12,20
42.4,-0.1507,0.0086,9.7571,-0.005,0.0369,-0.0175,-16.62,-28.87,12.31,0.0016,-0.0007,9.8066,52.59628299999999,-1.608857,147.72,0.0,6.0,114.12,20
42.5,0.2846,-0.2227,9.833,0.0048,-0.0071,-0.0122,-16.5,-28.94,11.56,0.0031,0.0026,9.8066,52.59628299999999,-1.608857,147.72,0.0,6.0,114.12,20
42.6,-0.1607,0.0082,9.7878,-0.0086,0.0158,-0.004,-16.0,-28.0,12.81,0.0017,0.0017,9.8066,52.59628299999999,-1.608857,147.72,0.0,6.0,114.12,20
42.7,0.2727,0.1301,9.897,0.0107,-0.0202,-0.0006,-15.81,-28.25,11.69,0.0012,0.0011,9.8066,52.59628299999999,-1.608857,147.72,0.0,6.0,114.12,20
42.8,0.0414,-0.239,9.7682,-0.0139,-0.0226,0.0147,-16.69,-29.12,12.31,0.0049,0.0016,9.8066,52.59628299999999,-1.608857,147.72,0.0,6.0,114.12,20
42.899,0.1917,0.1222,9.9043,0.0005,0.0243,-0.0157,-16.12,-28.37,12.0,-0.0022,-0.002,9.8066,52.59628299999999,-1.608857,147.72,0.0,6.0,114.12,20
43.0,0.0524,0.1534,9.8468,0.0029,-0.0115,-0.002,-16.81,-29.06,12.19,0.0018,0.0019,9.8066,52.59628299999999,-1.608857,147.72,0.0,6.0,114.12,20
43.1,0.1343,0.2407,9.7961,-0.0086,0.0323,-0.0247,-16.06,-28.37,12.75,-0.0012,-0.0041,9.8066,52.59628299999999,-1.608857,147.72,0.0,6.0,114.12,20
43.2,0.1098,-0.004,9.8554,0.0046,0.013,-0.0041,-16.25,-28.75,12.13,-0.0009,0.0021,9.8066,52.59628299999999,-1.608857,147.72,0.0,6.0,114.12,20
43.3,0.0085,-0.2275,9.9252,-0.0069999999999999,0.0152,-0.0136,-16.25,-29.31,12.19,0.0009,-0.0035,9.8066,52.59628299999999,-1.608857,147.72,0.0,6.0,114.12,20
43.399,0.0816,0.0532,9.9241,-0.0029,0.0272,-0.0054,-16.94,-28.5,11.69,-0.001,-0.0027,9.8066,52.59628299999999,-1.608857,147.72,0.0,6.0,114.12,20
43.5,-0.0105,-0.1355,9.8251,-0.0016,-0.0012,-0.0008,-16.75,-28.81,11.81,0.0001,-0.0011,9.8066,52.59628299999999,-1.608857,147.72,0.0,6.0,114.12,20
43.6,0.2091,0.0433,9.9216,0.0073,0.0119,-0.0133,-16.25,-28.81,11.75,-0.0013,-0.0012,9.8066,52.59628299999999,-1.608857,147.72,0.0,6.0,114.12,20
43.7,0.0641,0.0378,9.8885,0.0078,0.0062,-0.0073,-15.87,-28.19,12.25,0.004,0.002,9.8066,52.59628299999999,-1.608857,147.72,0.0,6.0,114.12,20
43.8,-0.1295,-0.0143,9.8273,0.002,0.0322,-0.0153,-16.19,-28.37,11.13,0.0009,-0.0025,9.8066,52.59628299999999,-1.608857,147.72,0.0,6.0,114.12,20
43.9,0.2522,0.122,9.9296,0.0131,0.023,-0.0146,-16.37,-28.31,12.63,0.0034,0.0009,9.8066,52.59628299999999,-1.608857,147.72,0.0,6.0,114.12,20
44.0,-0.122,0.0276,9.8121,-0.0048,0.0257,-0.0143,-16.25,-28.75,12.06,0.0026,0.0012,9.8066,52.59628299999999,-1.608857,147.72,0.0,6.0,114.12,20
44.1,0.233,0.2885,9.9045,0.0095,0.0517,-0.0217,-16.81,-29.12,12.5,0.0038,0.0024,9.8066,52.59628299999999,-1.608857,147.72,0.0,6.0,114.12,20
44.199,-0.1154,-0.148,9.823,0.0036,-0.0063,-0.0157,-16.37,-28.62,12.06,0.0015,0.0062,9.8066,52.59628299999999,-1.608857,147.72,0.0,6.0,114.12,20
44.3,0.2067,0.2501,9.8312,-0.008,0.0289,-0.0061,-16.81,-28.81,11.81,-0.0023,-0.0001,9.8066,52.59628299999999,-1.608857,147.72,0.0,6.0,114.12,20
44.399,0.0179,-0.1656,9.8814,-0.0071,-0.0069,0.0225,-16.75,-28.81,12.88,0.0036,0.002,9.8065,52.59628299999999,-1.608857,147.72,0.0,6.0,114.12,20
44.5,-0.0865,-0.195,9.8463,0.0071,-0.0145,-0.006,-16.75,-28.56,11.44,-0.0008,-0.0034,9.8066,52.59628299999999,-1.608857,147.72,0.0,6.0,114.12,20
44.6,0.049,-0.2623,9.9114,-0.0019,-0.0217,0.025,-16.69,-28.56,12.13,-0.0018,-0.0003,9.8066,52.59628299999999,-1.608857,147.72,0.0,6.0,114.12,20
44.7,-0.2948,-0.0139999999999999,9.7382,-0.0091,-0.0072,0.0169,-16.56,-28.69,12.06,-0.002,-0.0028,9.8066,52.59628299999999,-1.608857,147.72,0.0,6.0,114.12,20
44.8,0.3812,0.1559,9.9076,-0.0099,-0.0366,0.0149,-16.37,-28.75,12.0,-0.0033,-0.0007,9.8066,52.59628299999999,-1.608857,147.72,0.0,6.0,114.12,20
44.899,-0.2219,-0.0459,9.7918,-0.0007,-0.0253,0.0232,-16.37,-28.37,12.13,-0.002,-0.0036,9.8066,52.59628299999999,-1.608857,147.72,0.0,6.0,114.12,20
45.0,0.3754,0.2821,9.8922,-0.0017,-0.0147,0.0037,-16.31,-28.31,12.25,-0.0034,-0.003,9.8066,52.59628299999999,-1.608857,147.72,0.0,6.0,114.12,20
45.099,0.0205,-0.061,9.8572,-0.0107,-0.0437,0.0185,-16.37,-28.75,12.19,-0.0024,-0.0026,9.8066,52.59628299999999,-1.608857,147.72,0.0,6.0,114.12,20
45.199,0.1858,0.3202,9.8102,-0.0041,0.0264,-0.0119,-16.12,-29.0,12.31,-0.0054,-0.0046,9.8066,52.59628299999999,-1.608857,147.72,0.0,6.0,114.12,20
45.3,-0.0008,-0.2332,9.9375,-0.001,-0.0191,0.0086,-16.56,-28.06,12.5,0.002,0.0017,9.8066,52.59628299999999,-1.608857,147.72,0.0,6.0,114.12,20
45.399,0.0229,0.1183,9.8071,0.006,0.0351,-0.0321,-16.06,-28.31,12.44,0.0008,0.0023,9.8066,52.59628299999999,-1.608857,147.72,0.0,6.0,114.12,20
45.5,0.085,0.325,9.7899,-0.0051,0.0041,0.0036,-16.06,-28.5,12.06,0.0003,0.0033,9.8066,52.59628299999999,-1.608857,147.72,0.0,6.0,114.12,20
45.6,-0.0657,-0.0456,9.7359,-0.0179,0.0525,-0.0113,-16.44,-28.31,12.63,0.0011,-0.0002,9.8066,52.59628299999999,-1.608857,147.72,0.0,6.0,114.12,20
45.7,0.203,0.3265,9.9539,0.0195,0.0456,-0.0319,-16.5,-28.62,12.44,0.0043,0.0046,9.8066,52.59628299999999,-1.608857,147.72,0.0,6.0,114.12,20
45.801,-0.0605,-0.0251,9.8738,0.0065,0.0185,-0.0115,-16.19,-28.56,12.06,0.0045,0.0027,9.8066,52.59628299999999,-1.608857,147.72,0.0,6.0,114.12,20
45.9,-0.1218,-0.1076,9.8556,0.0082,0.0385,-0.0112,-16.62,-28.75,12.31,0.0029,-0.001,9.8066,52.59628299999999,-1.608857,147.72,0.0,6.0,114.12,20
46.0,-0.3108,-0.198,9.7954,-0.0055,-0.0102,-0.0077,-16.37,-28.37,12.25,0.0025,0.0058,9.8066,52.59628299999999,-1.608857,147.72,0.0,6.0,114.12,20
46.1,0.4712,0.2208,9.9499,0.011,0.0432,-0.0242,-16.5,-28.37,12.5,0.0004,-0.0007,9.8066,52.59628299999999,-1.608857,147.72,0.0,6.0,114.12,20
46.2,0.0162,0.0284,9.8281,0.0002,-0.0217,0.0128,-16.37,-28.56,12.44,0.0027,0.0029,9.8066,52.59628299999999,-1.608857,147.72,0.0,6.0,114.12,20
46.3,0.2317,0.2961,9.8602,-0.0079,0.0219,-0.0084,-16.5,-28.31,12.06,-0.0019,-0.0011,9.8066,52.59628299999999,-1.608857,147.72,0.0,6.0,114.12,20
46.399,0.0514,-0.0895,9.8415,-0.0062,-0.0472,0.0187,-16.31,-28.56,12.25,0.0015,0.0026,9.8066,52.59628299999999,-1.608857,147.72,0.0,6.0,114.12,20
46.499,-0.2968,-0.1779,9.8595,0.0055,-0.0084,0.0066,-16.62,-28.44,11.75,-0.0021,-0.004,9.8066,52.59628299999999,-1.608857,147.72,0.0,6.0,114.12,20
46.6,0.0824,-0.2383,9.9016,0.0077,-0.0318,0.0146,-16.31,-28.94,12.25,0.0025,0.0007,9.8066,52.59628299999999,-1.608857,147.72,0.0,6.0,114.12,20
46.7,-0.1768,-0.0829,9.7969,-0.0062,-0.0171,0.0092,-16.06,-28.44,12.06,-0.003,-0.0021,9.8066,52.59628299999999,-1.608857,147.72,0.0,6.0,114.12,20
46.8,0.3253,0.1645,9.9162,-0.0154,-0.0257,0.0193,-16.25,-28.75,12.38,-0.0012,-0.0019,9.8066,52.59628299999999,-1.608857,147.72,0.0,6.0,114.12,20
46.9,-0.1285,-0.0309,9.8909,0.0059,-0.025,0.0226,-16.5,-28.81,12.25,-0.0024,-0.0026,9.8065,52.59628299999999,-1.608857,147.72,0.0,6.0,114.12,20
47.0,0.1214,0.2544,9.7759,0.0024,-0.0208,-0.0024,-16.5,-28.87,12.44,-0.0012,-0.002,9.8066,52.59628299999999,-1.608857,147.72,0.0,6.0,114.12,22
47.1,0.0816,-0.143,9.8832,-0.0051,-0.0217,0.0273,-16.62,-28.87,12.38,-0.0005,-0.0025,9.8066,52.59628299999999,-1.608857,147.72,0.0,6.0,114.12,22
47.2,-0.0371,0.2696,9.7395,-0.0107,0.0068,0.0059,-16.5,-29.06,12.0,-0.0032,-0.0052,9.8066,52.59628299999999,-1.608857,147.72,0.0,6.0,114.12,22
47.3,0.1286,-0.181,9.932,0.0118,-0.0186,-0.0104,-16.12,-29.19,12.06,0.0025,0.0009,9.8066,52.59628299999999,-1.608857,147.72,0.0,6.0,114.12,22
47.4,-0.0654,-0.0827,9.8058,0.0078,0.0206,-0.0135,-15.87,-28.56,12.25,-0.0002,-0.002,9.8066,52.59628299999999,-1.608857,147.72,0.0,6.0,114.12,22
47.5,-0.1001,-0.115,9.7633,-0.0038,0.0079,0.0032,-15.94,-29.06,12.06,0.002,-0.0001,9.8066,52.59628299999999,-1.608857,147.72,0.0,6.0,114.12,22
47.6,0.1389,-0.1509,9.8758,0.002,0.0138,-0.0264,-16.12,-29.06,12.06,0.0005,0.0005,9.8066,52.59628299999999,-1.608857,147.72,0.0,6.0,114.12,22
47.7,0.1244,0.2496,9.9419,0.0058,0.0084,-0.0132,-16.0,-28.69,11.94,0.0032,0.0019,9.8066,52.59628299999999,-1.608857,147.72,0.0,6.0,114.12,22
47.8,0.2112,-0.0222,9.9593,0.01,0.0517,-0.021,-16.12,-29.06,12.13,0.0008,0.0033,9.8066,52.59628299999999,-1.608857,147.72,0.0,6.0,114.12,22
47.899,0.0678,-0.0406,9.7754,-0.0099,0.0393,-0.0127,-16.25,-29.06,12.31,0.0042,0.0047,9.8066,52.59628299999999,-1.608857,147.72,0.0,6.0,114.12,22
48.0,-0.2919,-0.2356,9.871,0.0001,0.0318,-0.0158,-15.75,-28.37,12.13,0.001,0.0026,9.8066,52.59628299999999,-1.608857,147.72,0.0,6.0,114.12,20
48.1,0.2481,0.221,9.8718,0.0079,0.0553,-0.0207,-16.0,-29.12,12.44,0.0026,0.003,9.8066,52.59628299999999,-1.608857,147.72,0.0,6.0,114.12,20
48.2,-0.1415,-0.1658,9.9092,0.0031,0.0065,-0.0135,-15.5,-28.69,12.81,0.0035,0.0044,9.8066,52.59628299999999,-1.608857,147.72,0.0,6.0,114.12,20
48.3,0.2674,0.3654,9.8801,0.0084,0.0536,-0.0283,-15.87,-29.12,11.88,0.0021,-0.0003,9.8066,52.59628299999999,-1.608857,147.72,0.0,6.0,114.12,20
48.4,0.0409,-0.2131,9.8256,-0.0008,-0.0183,0.0049,-16.19,-29.31,11.5,0.0035,0.0069,9.8066,52.59628299999999,-1.608857,147.72,0.0,6.0,114.12,20
48.5,0.1847,0.4324,9.8108,0.0023,0.0473,-0.0237,-16.0,-28.44,11.69,0.0009,-0.002,9.8066,52.59628299999999,-1.608857,147.72,0.0,6.0,114.12,20
48.599,-0.0096,-0.2988,9.8499,0.0003,-0.0411,0.0138,-15.87,-29.0,12.06,0.0029,0.0049,9.8066,52.59628299999999,-1.608857,147.72,0.0,6.0,114.12,20
48.699,-0.2762,-0.1982,9.8631,-0.0046,0.0262,-0.0064,-15.56,-28.5,12.06,-0.0046,-0.0048,9.8066,52.59628299999999,-1.608857,147.72,0.0,6.0,114.12,20
48.8,-0.1775,-0.3939,9.8172,-0.0033,-0.0593,0.0274,-16.06,-29.12,11.69,0.0011,0.004,9.8066,52.59628299999999,-1.608857,147.72,0.0,6.0,114.12,20
48.9,-0.0114,0.0183,9.8372,0.0108,-0.0099,-0.0006,-16.06,-28.81,12.44,-0.0052,-0.0065,9.8066,52.59628299999999,-1.608857,147.72,0.0,6.0,114.12,20
49.0,0.4259,0.2898,9.9158,-0.0123,-0.048,0.0304,-15.56,-28.75,12.44,-0.0022,0.0003,9.8066,52.59628299999999,-1.608857,147.72,0.0,6.0,114.12,21
49.1,-0.0133,0.1514,9.8321,0.0037,-0.034,0.0385,-16.19,-28.87,12.19,-0.0059,-0.0076,9.8066,52.59628299999999,-1.608857,147.72,0.0,6.0,114.12,21
49.2,0.2256,0.2626,9.8015,0.0,-0.049,0.0187,-16.31,-29.06,11.88,-0.0011,-0.0023,9.8066,52.59628299999999,-1.608857,147.72,0.0,6.0,114.12,21
49.3,-0.1158,-0.2886,9.947,0.0009,-0.0296,0.0234,-16.06,-29.44,12.06,-0.0002,-0.0034,9.8066,52.59628299999999,-1.608857,147.72,0.0,6.0,114.12,21
49.4,0.2843,0.2098,9.9238,0.0087,-0.0004,0.0022,-15.81,-29.31,12.13,-0.0024,-0.0037,9.8066,52.59628299999999,-1.608857,147.72,0.0,6.0,114.12,21
49.499,-0.1628,-0.2569,9.8689,0.0016,-0.0424,0.0143,-16.06,-28.5,11.94,0.0004,-0.0011,9.8066,52.59628299999999,-1.608857,147.72,0.0,6.0,114.12,21
49.6,-0.0104,-0.0655,9.872,-0.0149,0.0416,-0.0169,-16.5,-29.0,12.13,-0.0014,-0.0016,9.8066,52.59628299999999,-1.608857,147.72,0.0,6.0,114.12,21
49.699,-0.0907,-0.2255,9.8883,0.0146,-0.0005,0.0087,-16.31,-28.81,11.88,0.0019,0.0022,9.8066,52.59628299999999,-1.608857,147.72,0.0,6.0,114.12,21
49.8,-0.1282,-0.0319,9.8195,-0.0013,0.0294,-0.0242,-16.5,-28.69,12.69,0.0005,0.001,9.8066,52.59628299999999,-1.608857,147.72,0.0,6.0,114.12,21
49.9,0.0604,0.2524,9.7903,-0.0045,0.0338,0.0028,-16.31,-28.87,11.69,0.0018,0.0044,9.8066,52.59628299999999,-1.608857,147.72,0.0,6.0,114.12,21
50.0,-0.1034,-0.0087,9.7328,-0.0137,0.0107,-0.0183,-16.12,-28.87,11.63,0.0009,0.0018,9.8066,52.59628299999999,-1.608857,147.72,0.0,6.0,114.12,21
50.1,0.362,0.0848,9.9757,0.0059,0.0368,-0.012,-15.87,-29.31,11.81,-0.0017,0.0009,9.8066,52.59628299999999,-1.608857,147.72,0.0,6.0,114.12,21
50.2,-0.0954,-0.0133,9.8557,-0.0063,0.0071,0.0051,-15.75,-28.25,12.06,0.0036,0.0012,9.8066,52.59628299999999,-1.608857,147.72,0.0,6.0,114.12,21
50.3,0.1489,0.1304,9.8468,-0.0037,0.0096,-0.0149,-16.06,-28.75,11.94,0.0001,0.0004,9.8066,52.59628299999999,-1.608857,147.72,0.0,6.0,114.12,21
50.4,-0.0112,-0.1399,9.8345,-0.0081,-0.0163,0.0178,-16.25,-28.69,12.56,0.0013,0.0013,9.8066,52.59628299999999,-1.608857,147.72,0.0,6.0,114.12,21
50.499,-0.2784,-0.1551,9.789,0.0016,-0.0035,0.003,-16.25,-28.62,12.25,-0.0032,-0.003,9.8066,52.59628299999999,-1.608857,147.72,0.0,6.0,114.12,21
50.6,0.0379,-0.1647,9.8513,0.0003,-0.0405,0.0138,-15.94,-29.25,12.19,0.0004,-0.0006,9.8066,52.59628299999999,-1.608857,147.72,0.0,6.0,114.12,21
50.7,-0.2605,-0.1697,9.7462,-0.0098,-0.0012,0.0193,-16.25,-29.0,12.31,-0.0046,-0.0026,9.8066,52.59628299999999,-1.608857,147.72,0.0,6.0,114.12,21
50.8,0.4173,0.1938,9.9805,-0.0146,-0.0344,0.0247,-16.37,-28.56,11.69,-0.003,-0.0023,9.8066,52.59628299999999,-1.608857,147.72,0.0,6.0,114.12,21
50.9,-0.2141,-0.16,9.8784,0.0013,-0.0464,0.0326,-16.19,-28.62,12.44,-0.0037,-0.0026,9.8066,52.59628299999999,-1.608857,147.72,0.0,6.0,114.12,21
50.999,0.3444,0.3203,9.8532,0.0045,-0.0122,-0.0017,-16.31,-28.5,12.19,-0.0025,-0.0045,9.8066,52.59628299999999,-1.608857,147.72,0.0,6.0,114.12,20
51.1,-0.1034,-0.0913,9.8196,-0.0124,-0.0417,0.0313,-15.37,-28.94,12.5,0.001,0.0018,9.8066,52.59628299999999,-1.608857,147.72,0.0,6.0,114.12,20
51.2,0.3855,0.3229,9.8673,0.0046,0.0248,-0.0171,-16.25,-28.62,11.94,-0.0048,-0.0047,9.8066,52.59628299999999,-1.608857,147.72,0.0,6.0,114.12,20
51.299,-0.094,-0.2668,9.9079,0.0033,-0.0353,0.0133,-15.75,-29.06,11.75,0.0006,0.0025,9.8066,52.59628299999999,-1.608857,147.72,0.0,6.0,114.12,20
51.4,-0.2225,-0.1785,9.7801,0.0034,0.0721,-0.0266,-16.25,-28.56,12.31,-0.0008,-0.0037,9.8066,52.59628299999999,-1.608857,147.72,0.0,6.0,114.12,20
51.5,-0.1587,-0.3539,9.8379,0.0078,0.0099,-0.0132,-16.37,-28.87,11.81,0.0055,0.006,9.8066,52.59628299999999,-1.608857,147.72,0.0,6.0,114.12,20
51.599,-0.1912,-0.1339,9.8483,-0.0005,0.0539,-0.033,-16.0,-28.69,12.06,0.0,-0.0001,9.8066,52.59628299999999,-1.608857,147.72,0.0,6.0,114.12,20
51.699,0.2924,0.3039,9.7685,-0.0048,0.0471,-0.0102,-16.19,-28.62,11.63,0.0013,0.0053,9.8066,52.59628299999999,-1.608857,147.72,0.0,6.0,114.12,20
51.799,-0.125,-0.0222,9.8233,0.0022,0.0305,-0.0201,-15.81,-28.56,11.88,0.0036,0.0028,9.8066,52.59628299999999,-1.608857,147.72,0.0,6.0,114.12,20
51.899,0.0354,0.122,9.8535,-0.0058,0.0405,-0.0253,-16.19,-28.62,12.0,0.0021,0.0039,9.8066,52.59628299999999,-1.608857,147.72,0.0,6.0,114.12,20
52.0,-0.135,-0.3529,9.9003,-0.0001,0.0109,0.0126,-16.25,-29.31,12.06,0.0018,0.0037,9.8066,52.59628299999999,-1.608857,147.72,0.0,6.0,114.12,22
52.1,-0.1157,0.1486,9.6965,-0.0149,0.0216,-0.0324,-16.0,-28.87,12.13,-0.0008,0.0024,9.8066,52.59628299999999,-1.608857,147.72,0.0,6.0,114.12,22
52.2,-0.1391,-0.3519,9.8304,-0.0012,-0.0207,0.0266,-15.81,-28.81,11.81,0.001,0.0021,9.8066,52.59628299999999,-1.608857,147.72,0.0,6.0,114.12,22
52.299,-0.0619,0.1907,9.7698,-0.0001,0.0139,-0.0096,-15.56,-28.75,12.31,-0.001,-0.0021,9.8066,52.59628299999999,-1.608857,147.72,0.0,6.0,114.12,22
52.399,0.1351,0.1426,9.8911,0.001,-0.0536,0.0052,-16.0,-28.5,11.69,-0.0018,0.0016,9.8065,52.59628299999999,-1.608857,147.72,0.0,6.0,114.12,22
52.499,-0.0547,0.1131,9.7649,-0.0184,-0.0041,0.0269,-16.37,-28.69,11.94,-0.0029,-0.0043,9.8066,52.59628299999999,-1.608857,147.72,0.0,6.0,114.12,22
52.599,0.3247,0.1337,9.9193,-0.0094,-0.0295,0.0139,-16.06,-29.44,11.75,-0.0028,-0.0006,9.8066,52.59628299999999,-1.608857,147.72,0.0,6.0,114.12,22
52.7,-0.2182,-0.1488,9.855,0.002,-0.0478,0.0077,-15.75,-28.5,11.88,-0.0009,-0.0014,9.8066,52.59628299999999,-1.608857,147.72,0.0,6.0,114.12,22
52.799,0.2101,0.1324,9.897,0.0123,0.0158,-0.0003,-16.31,-28.5,11.69,0.0004,-0.0042,9.8066,52.59628299999999,-1.608857,147.72,0.0,6.0,114.12,22
52.9,0.3112,0.1329,9.9513,0.0039,-0.0303,0.0069,-15.94,-29.19,12.13,0.0038,0.0003,9.8066,52.59628299999999,-1.608857,147.72,0.0,6.0,114.12,22
53.0,0.1316,0.1715,9.8698,-0.0023,0.0157,-0.0147,-16.25,-28.75,11.94,-0.0014,-0.0023,9.8066,52.59628299999999,-1.608857,147.72,0.0,6.0,114.12,22
53.1,-0.1574,-0.1075,9.8794,0.0033,0.0271,0.0009,-16.37,-28.5,12.13,0.0028,0.0014,9.8066,52.59628299999999,-1.608857,147.72,0.0,6.0,114.12,22
53.2,-0.108,-0.161,9.797,-0.0027,0.0259,-0.0212,-16.37,-28.44,11.88,0.0022,-0.0003,9.8066,52.59628299999999,-1.608857,147.72,0.0,6.0,114.12,22
53.299,0.1938,0.1705,9.86,-0.0031,0.0229,-0.0106,-15.56,-28.94,12.56,0.0015,0.0008,9.8066,52.59628299999999,-1.608857,147.72,0.0,6.0,114.12,22
53.4,-0.1004,-0.0804,9.8168,-0.0051,0.0214,-0.0018,-16.19,-29.12,12.31,0.0001,0.002,9.8066,52.59628299999999,-1.608857,147.72,0.0,6.0,114.12,22
53.502,0.1518,0.108,9.8014,-0.0091,0.0149,-0.0113,-16.69,-28.94,12.38,-0.0008,0.0014,9.8066,52.59628299999999,-1.608857,147.72,0.0,6.0,114.12,22
53.599,-0.0662,0.0177,9.8797,-0.0066,-0.0098,0.0045,-15.81,-28.62,12.06,-0.0004,0.0029,9.8065,52.59628299999999,-1.608857,147.72,0.0,6.0,114.12,22
53.7,0.1454,0.0272,9.9027,-0.0072,0.0056,0.0112,-15.75,-28.94,11.69,-0.0033,0.0006,9.8066,52.59628299999999,-1.608857,147.72,0.0,6.0,114.12,22
53.8,0.0273,0.1478,9.9266,-0.0129,-0.0351,0.0089,-16.06,-28.94,11.94,-0.0016,-0.0002,9.8066,52.59628299999999,-1.608857,147.72,0.0,6.0,114.12,22
53.899,-0.1609,-0.3279,9.7738,-0.0036,-0.0076,0.0251,-16.19,-28.5,11.94,-0.0063,-0.0041,9.8066,52.59628299999999,-1.608857,147.72,0.0,6.0,114.12,22
54.0,-0.0934,0.1188,9.772,-0.0165,-0.0279,0.0136,-15.94,-28.69,12.63,-0.0023,-0.0016,9.8066,52.59628299999999,-1.608857,147.72,0.0,6.0,114.12,22
54.1,-0.0923,-0.3689,9.919,0.0038,-0.046,0.02,-16.06,-28.31,12.06,-0.0015,-0.0026,9.8066,52.59628299999999,-1.608857,147.72,0.0,6.0,114.12,22
54.199,0.0082,0.1312,9.8206,-0.0012,0.0146,0.0011,-16.31,-28.81,11.75,-0.0022,-0.0048,9.8066,52.59628299999999,-1.608857,147.72,0.0,6.0,114.12,22
54.299,-0.1335,-0.3291,9.8377,-0.0005,-0.0384,0.0234,-16.06,-28.37,11.94,0.0003,-0.0002,9.8066,52.59628299999999,-1.608857,147.72,0.0,6.0,114.12,22
54.4,0.0408,0.1554,9.8299,0.0098,0.0438,-0.0242,-15.87,-28.56,11.63,-0.0008,-0.0053,9.8066,52.59628299999999,-1.608857,147.72,0.0,6.0,114.12,22
54.5,0.1546,0.2112,9.898,0.0043,-0.0088,-0.0016,-16.06,-28.31,12.56,0.0048,0.0053,9.8066,52.59628299999999,-1.608857,147.72,0.0,6.0,114.12,22
54.6,0.1631,0.239,9.8344,-0.0075,0.0514,-0.0229,-15.62,-28.44,11.81,-0.0009,-0.0011,9.8066,52.59628299999999,-1.608857,147.72,0.0,6.0,114.12,22
54.7,0.0699,0.1488,9.8727,0.0119,0.0143,-0.0069999999999999,-16.25,-29.12,12.5,0.0026,0.0031,9.8066,52.59628299999999,-1.608857,147.72,0.0,6.0,114.12,22
54.8,-0.1288,-0.3677,9.9057,-0.0071,0.0274,-0.0301,-16.0,-28.81,12.06,0.0016,0.0011,9.8066,52.59628299999999,-1.608857,147.72,0.0,6.0,114.12,22
54.899,0.0145,0.1469,9.8574,-0.0038,0.0546,-0.0174,-15.94,-29.37,12.06,0.0018,0.0029,9.8066,52.59628299999999,-1.608857,147.72,0.0,6.0,114.12,22
55.0,-0.1378,-0.3974,9.8534,-0.003,0.0067,-0.003,-16.12,-28.87,12.75,0.0042,0.0046,9.8066,52.59628299999999,-1.608857,147.72,0.0,6.0,114.12,21
55.099,-0.1004,0.1384,9.7834,-0.0065,0.0408,-0.0231,-16.06,-28.62,12.25,-0.0008,0.0015,9.8066,52.59628299999999,-1.608857,147.72,0.0,6.0,114.12,21
55.2,-0.2073,-0.3695,9.8363,-0.0008,-0.0139999999999999,0.0255,-16.19,-28.94,11.75,0.0024,0.0025,9.8066,52.59628299999999,-1.608857,147.72,0.0,6.0,114.12,21
55.3,0.0426,0.1591,9.7854,-0.0032,0.0296,-0.0224,-16.25,-28.94,12.19,-0.0016,-0.0024,9.8066,52.59628299999999,-1.608857,147.72,0.0,6.0,114.12,21
55.4,0.1237,0.2412,9.885,-0.0029,-0.0425,0.0238,-16.56,-29.0,12.0,-0.0015,0.0007,9.8066,52.59628299999999,-1.608857,147.72,0.0,6.0,114.12,21
55.5,0.1709,0.1662,9.8543,-0.0045,0.0109,0.0196,-16.12,-28.69,11.94,-0.0042,-0.0057,9.8066,52.59628299999999,-1.608857,147.72,0.0,6.0,114.12,21
55.6,0.0951,0.254,9.8541,-0.0061,-0.0527,0.006,-16.19,-29.0,11.81,-0.0008,0.0017,9.8066,52.59628299999999,-1.608857,147.72,0.0,6.0,114.12,21
55.7,-0.1466,-0.4856,9.8569,0.0034,-0.039,0.0375,-16.06,-29.06,12.06,-0.0045,-0.0055,9.8066,52.59628299999999,-1.608857,147.72,0.0,6.0,114.12,21
55.799,0.2477,0.2059,9.9299,-0.004,-0.0275,-0.0009,-15.94,-28.62,12.0,-0.0051,-0.0033,9.8066,52.59628299999999,-1.608857,147.72,0.0,6.0,114.12,21
55.9,-0.3704,-0.3358,9.8312,-0.0128,-0.0687,0.0377,-15.62,-28.56,12.31,0.0004,0.0018,9.8066,52.59628299999999,-1.608857,147.72,0.0,6.0,114.12,21
56.0,0.1947,0.3802,9.7778,-0.0085,0.0211,0.0014,-16.12,-29.19,11.63,0.0037,0.001,9.8066,52.59628299999999,-1.608857,147.72,0.0,6.0,114.12,21
56.1,-0.092,-0.3439,9.9095,-0.002,-0.0443,0.0179,-15.81,-28.81,12.44,0.0022,0.0049,9.8066,52.59628299999999,-1.608857,147.72,0.0,6.0,114.12,21
56.2,-0.3127,-0.1757,9.7931,0.0072,0.0537,-0.0321,-16.19,-29.19,12.0,-0.0035,-0.0036,9.8066,52.59628299999999,-1.608857,147.72,0.0,6.0,114.12,21
56.3,-0.1589,-0.429,9.8673,0.0014,-0.0109,0.0031,-16.19,-28.37,11.75,0.0034,0.0041,9.8066,52.59628299999999,-1.608857,147.72,0.0,6.0,114.12,21
56.4,-0.1567,-0.0177,9.7941,-0.0079,0.0744,-0.0335,-16.06,-29.0,11.75,-0.005,-0.0069,9.8066,52.59628299999999,-1.608857,147.72,0.0,6.0,114.12,21
56.499,0.3988,0.3315,9.9206,0.0151,0.0376,-0.0316,-16.06,-29.12,12.19,-0.0009,0.0007,9.8066,52.59628299999999,-1.608857,147.72,0.0,6.0,114.12,21
56.599,-0.0691,0.0314,9.882,-0.0016,0.0582,-0.0336,-15.56,-29.12,12.31,-0.0046,-0.006,9.8066,52.59628299999999,-1.608857,147.72,0.0,6.0,114.12,21
56.699,0.2355,0.3832,9.8225,-0.0029,0.0689,-0.0282,-15.37,-28.75,11.94,-0.0025,-0.003,9.8066,52.59628299999999,-1.608857,147.72,0.0,6.0,114.12,21
56.8,-0.1518,-0.3412,9.8385,0.0031,0.0148,-0.0063,-16.19,-28.5,11.38,-0.0012,-0.004,9.8066,52.59628299999999,-1.608857,147.72,0.0,6.0,114.12,21
56.9,0.1591,0.3303,9.8137,0.003,0.0653,-0.0409999999999999,-16.12,-28.87,12.31,-0.005,-0.0069,9.8065,52.59628299999999,-1.608857,147.72,0.0,6.0,114.12,21
57.0,-0.1348,-0.437,9.8974,0.0009,-0.008,0.0214,-16.25,-28.56,12.31,-0.0005,-0.0004,9.8066,52.59628299999999,-1.608857,147.72,0.0,6.0,114.12,21
57.1,-0.1405,-0.0179,9.8208,-0.0053,0.0324,-0.0326,-16.25,-28.94,11.69,-0.0032,-0.0065,9.8066,52.59628299999999,-1.608857,147.72,0.0,6.0,114.12,21
57.199,-0.1891,-0.4592,9.8124,-0.0116,-0.0394,0.0253,-16.31,-28.81,11.88,0.005,0.0029,9.8066,52.59628299999999,-1.608857,147.72,0.0,6.0,114.12,21
57.3,-0.0552,0.0646,9.894,0.0075,0.0148,0.0017,-15.62,-29.0,11.31,-0.0015,-0.0012,9.8066,52.59628299999999,-1.608857,147.72,0.0,6.0,114.12,21
57.4,0.2173,0.2146,9.8697,-0.0017,-0.06,0.0143,-16.31,-28.75,12.25,0.0025,0.0044,9.8066,52.59628299999999,-1.608857,147.72,0.0,6.0,114.12,21
57.5,0.0069999999999999,0.2082,9.7621,0.0078,-0.0053,0.0315,-15.75,-28.69,11.75,0.0029,0.0045,9.8066,52.59628299999999,-1.608857,147.72,0.0,6.0,114.12,21
57.6,0.2502,0.1646,9.9054,-0.013,-0.0488,0.0332,-16.0,-29.19,12.0,0.0055,0.0055,9.8066,52.59628299999999,-1.608857,147.72,0.0,6.0,114.12,21
57.699,-0.2136,-0.3655,9.8958,0.0047,-0.0506,0.0252,-15.81,-28.75,12.25,0.0012,0.0043,9.8066,52.59628299999999,-1.608857,147.72,0.0,6.0,114.12,21
57.8,0.1255,0.1714,9.8919,0.0118,-0.0046,0.0096,-15.69,-29.31,12.31,0.0016,0.004,9.8066,52.59628299999999,-1.608857,147.72,0.0,6.0,114.12,21
57.9,-0.1768,-0.402,9.8228,-0.0058,-0.0508,0.0254,-16.19,-29.0,11.13,0.004,0.0037,9.8066,52.59628299999999,-1.608857,147.72,0.0,6.0,114.12,21
58.0,-0.1091,-0.0098,9.8287,0.0003,0.025,-0.0089,-16.0,-28.25,12.31,-0.0004,0.0016,9.8066,52.59628299999999,-1.608857,147.72,0.0,6.0,114.12,21
58.1,-0.139,-0.3005,9.8855,0.0056,-0.0172,0.0055,-15.75,-29.12,12.63,0.0025,0.0032,9.8066,52.59628299999999,-1.608857,147.72,0.0,6.0,114.12,21
58.199,-0.1355,0.0654,9.7355,-0.0008,0.0456,-0.0229,-16.06,-29.0,12.13,-0.0041,-0.0036,9.8066,52.59628299999999,-1.608857,147.72,0.0,6.0,114.12,21
58.3,0.4135,0.1219,9.9794,0.0199,0.0225,-0.0138,-16.12,-28.69,12.19,-0.0019,0.002,9.8066,52.59628299999999,-1.608857,147.72,0.0,6.0,114.12,21
58.4,-0.1409,0.1203,9.7785,-0.0107,0.038,-0.0228,-16.5,-28.56,12.25,-0.0031,-0.0051,9.8066,52.59628299999999,-1.608857,147.72,0.0,6.0,114.12,21
58.5,0.2711,0.2301,9.9221,0.0043,0.0556,-0.0172,-16.12,-28.5,12.31,-0.0024,0.0001,9.8066,52.59628299999999,-1.608857,147.72,0.0,6.0,114.12,21
58.6,-0.2095,-0.2659,9.8354,0.0047,-0.0024,-0.0153,-16.06,-28.75,12.25,-0.0024,-0.0038,9.8066,52.59628299999999,-1.608857,147.72,0.0,6.0,114.12,21
58.7,0.0073,0.074,9.9272,0.0071,0.0487,-0.0134,-15.69,-29.06,12.5,-0.0072,-0.0021,9.8066,52.59628299999999,-1.608857,147.72,0.0,6.0,114.12,21
58.8,0.1153,-0.031,9.8464,-0.0098,-0.016,0.0319,-16.37,-29.19,12.19,0.0044,0.001,9.8066,52.59628299999999,-1.608857,147.72,0.0,6.0,114.12,21
58.9,0.02,-0.1145,9.9882,0.0105,-0.0232,0.0076,-15.94,-28.81,11.81,-0.0023,0.0013,9.8066,52.59628299999999,-1.608857,147.72,0.0,6.0,114.12,21
59.0,0.1629,0.3464,9.8122,-0.0078,-0.0371,0.0279999999999999,-16.5,-29.5,11.88,0.004,0.0052,9.8066,52.59628299999999,-1.608857,147.72,0.0,6.0,114.12,21
59.099,0.2146,0.0958,9.9228,0.012,-0.0215,0.0204,-16.81,-29.44,12.06,-0.0015,0.0033,9.8066,52.59628299999999,-1.608857,147.72,0.0,6.0,114.12,22
59.2,0.0563,0.2667,9.8342,0.0027,-0.0429,0.0098,-17.37,-29.69,11.31,0.0006,0.0043,9.8066,52.59628299999999,-1.608857,147.72,0.0,6.0,114.12,22
59.3,-0.1843,-0.3895,9.8464,-0.0069,-0.032,0.0388,-16.87,-30.06,12.0,0.0038,0.0054,9.8066,52.59628299999999,-1.608857,147.72,0.0,6.0,114.12,22
59.399,0.0064,0.0711,9.8795,0.0073,-0.0275,0.015,-17.31,-29.87,11.5,0.0021,0.0043,9.8066,52.59628299999999,-1.608857,147.72,0.0,6.0,114.12,22
59.5,-0.1682,-0.1813,9.7639,-0.0012,-0.0221,0.0055,-17.56,-29.94,11.75,0.0025,0.0024,9.8066,52.59628299999999,-1.608857,147.72,0.0,6.0,114.12,22
59.6,-0.0531,-0.048,9.8876,-0.0055,0.0249,-0.023,-17.5,-29.25,11.69,-0.001,-0.0024,9.8066,52.59628299999999,-1.608857,147.72,0.0,6.0,114.12,22
59.7,-0.1771,-0.4009,9.8387,-0.0134,-0.0286,0.0263,-17.44,-30.06,11.94,0.005,0.0038,9.8066,52.59628299999999,-1.608857,147.72,0.0,6.0,114.12,22
59.8,0.063,0.0869,9.9108,0.0056,0.0518,-0.032,-17.62,-29.75,12.0,-0.0015,-0.0029,9.8066,52.59628299999999,-1.608857,147.72,0.0,6.0,114.12,22
59.9,0.159,0.2563,9.8273,0.0016,-0.006,-0.0106,-17.94,-29.87,11.81,0.0011,0.003,9.8066,52.59628299999999,-1.608857,147.72,0.0,6.0,114.12,22
60.0,0.216,0.4097,9.8594,-0.0105,0.0698,-0.0365,-18.19,-30.06,11.94,-0.0038,-0.0057,9.8066,52.59628299999999,-1.608857,147.72,0.0,6.0,114.12,22
60.1,0.125,0.243,9.9003,0.0102,0.0363,-0.0193,-17.87,-30.19,12.13,0.0001,-0.0011,9.8066,52.59628299999999,-1.608857,147.72,0.0,6.0,114.12,22
60.2,-0.1756,-0.6282,9.8064,-0.0003,0.0453,-0.0302,-18.12,-30.0,11.69,-0.0037,-0.0065,9.8066,52.59628299999999,-1.608857,147.72,0.0,6.0,114.12,22
60.3,0.0702,0.1753,9.8949,0.0121,0.0766,-0.0346,-17.19,-29.62,12.13,-0.0058,-0.0041,9.8066,52.59628299999999,-1.608857,147.72,0.0,6.0,114.12,22
60.4,-0.2447,-0.5632,9.8645,0.0094,0.0112,-0.0145,-17.62,-29.81,11.94,-0.0032,-0.0034,9.8066,52.59628299999999,-1.608857,147.72,0.0,6.0,114.12,22
60.5,-0.1776,0.0914,9.7289,-0.0074,0.0468,-0.0189,-17.81,-29.75,11.31,-0.0024,-0.0063,9.8066,52.59628299999999,-1.608857,147.72,0.0,6.0,114.12,22
60.6,-0.2789,-0.5442,9.8597,0.0,-0.0442,0.035,-18.44,-29.75,11.56,0.0015,0.0031,9.8066,52.59628299999999,-1.608857,147.72,0.0,6.0,114.12,22
60.7,0.0833,0.0468,9.7352,0.0034,0.0296,-0.0128,-17.5,-30.44,11.75,-0.0041,-0.0058,9.8066,52.59628299999999,-1.608857,147.72,0.0,6.0,114.12,22
60.8,0.2581,0.113,9.7007,0.0194,-0.0446,0.013,-18.12,-29.62,12.31,-0.0015,0.0075,9.8066,52.59628299999999,-1.608857,147.72,0.0,6.0,114.12,22
60.9,-0.1471,0.2875,9.6009,0.0003,-0.0129,-0.002,-17.62,-29.81,11.94,0.0047,0.0036,9.8066,52.59628299999999,-1.608857,147.72,0.0,6.0,114.12,22
61.0,0.1126,0.045,9.9986,0.0201,-0.0228,0.0063,-17.62,-29.81,11.5,0.0007,0.0056,9.8066,52.59628299999999,-1.608857,147.72,0.0,6.0,114.12,21
61.1,-0.1495,-0.1612,9.8475,-0.0069,-0.0257,0.0156,-17.5,-30.5,11.38,0.0022,-0.0015,9.8066,52.59628299999999,-1.608857,147.72,0.0,6.0,114.12,21
61.2,-0.2466,0.0481,9.7983,0.0012,0.0019,0.0,-17.75,-29.75,11.94,-0.0011,0.0006,9.8066,52.59628299999999,-1.608857,147.72,0.0,6.0,114.12,21
61.3,0.061,-0.1166,9.8489,0.0015,0.006,-0.004,-17.25,-29.81,11.69,0.0014,0.0022,9.8066,52.59628299999999,-1.608857,147.72,0.0,6.0,114.12,21
61.399,0.0582,-0.1563,9.5819,-0.0245,0.0043,-0.0212,-17.19,-29.87,11.69,-0.0015,-0.0006,9.8066,52.59628299999999,-1.608857,147.72,0.0,6.0,114.12,21
61.5,0.0826,-0.1012,9.3455,0.0259,0.0278,-0.0342,-17.69,-30.19,11.94,0.0054,0.0072,9.8066,52.59628299999999,-1.608857,147.72,0.0,6.0,114.12,21
61.6,0.1506,0.3114,10.4827,-0.0052,0.0207,0.0192,-17.06,-30.19,11.88,0.0057,-0.0092,9.8066,52.59628299999999,-1.608857,147.72,0.0,6.0,114.12,21
61.7,-0.3691,0.0148,9.9238,-0.0064,0.0081,0.0106,-17.56,-30.0,12.0,-0.0091,-0.0074,9.8066,52.59628299999999,-1.608857,147.72,0.0,6.0,114.12,21
61.8,-0.1721,-0.4081,9.8581,-0.0087,0.0027,0.001,-17.69,-29.94,12.38,0.0035,0.0005,9.8066,52.59628299999999,-1.608857,147.72,0.0,6.0,114.12,21
61.899,0.0933,0.4765,9.8137,-0.0121,0.0185,-0.015,-18.0,-30.06,11.94,0.0026,0.0044,9.8066,52.59628299999999,-1.608857,147.72,0.0,6.0,114.12,21
62.0,0.2998,0.0529,9.83,-0.0111,-0.0203,0.0099,-17.62,-30.37,11.69,0.0013,0.0017,9.8066,52.59628299999999,-1.608857,147.72,0.0,6.0,114.12,23
62.1,-0.2106,-0.1115,9.7369,0.0069999999999999,-0.0006,0.0121,-17.69,-29.87,11.5,-0.0028,-0.0042,9.8066,52.59628299999999,-1.608857,147.72,0.0,6.0,114.12,23
62.2,-0.0197,0.0823,9.9446,0.0097,-0.0079,-0.0097,-17.75,-29.69,12.06,-0.0004,0.0014,9.8066,52.59628299999999,-1.608857,147.72,0.0,6.0,114.12,23
62.3,0.0828,-0.1429,9.7449,-0.0035,-0.0302,0.0045,-17.56,-30.06,12.38,0.003,0.0021,9.8066,52.59628299999999,-1.608857,147.72,0.0,6.0,114.12,23
62.4,-0.0846,0.0281,9.9108,0.0053,0.0332,-0.0086,-17.5,-30.06,11.88,-0.0009,-0.0006,9.8066,52.59628299999999,-1.608857,147.72,0.0,6.0,114.12,23
62.5,-0.1269,-0.3942,9.8132,0.0021,-0.0072,0.0072,-17.44,-29.62,11.5,0.001,0.0,9.8066,52.59628299999999,-1.608857,147.72,0.0,6.0,114.12,23
62.6,-0.2731,-0.0538,9.8005,0.0104,0.0406,-0.0286,-17.37,-30.0,11.38,-0.0032,-0.0038,9.8066,52.59628299999999,-1.608857,147.72,0.0,6.0,114.12,23
62.699,0.2695,0.1356,9.8951,0.0016,0.0443,-0.0068,-17.37,-30.25,12.0,0.0015,0.0006,9.8066,52.59628299999999,-1.608857,147.72,0.0,6.0,114.12,23
62.8,-0.1604,0.0313,9.7876,-0.0061,0.0326,-0.0264,-17.56,-29.81,11.75,-0.0019,-0.0031,9.8066,52.59628299999999,-1.608857,147.72,0.0,6.0,114.12,23
62.9,-0.0588,0.113,9.8731,-0.0039,0.0289,-0.0122,-17.69,-30.0,11.75,-0.0017,-0.0045,9.8066,52.59628299999999,-1.608857,147.72,0.0,6.0,114.12,23
63.0,-0.2257,-0.5225,9.8898,-0.0065,0.0224,0.0057,-17.94,-30.19,11.63,-0.0002,-0.0047,9.8066,52.59628299999999,-1.608857,147.72,0.0,6.0,114.12,22
63.1,0.016,0.1461,9.7961,-0.0029,0.031,-0.0292,-17.81,-29.69,11.94,-0.0019,-0.0039,9.8066,52.59628299999999,-1.608857,147.72,0.0,6.0,114.12,22
63.2,-0.0403,-0.1962,9.8956,-0.0049,-0.0027,0.0039,-17.5,-29.69,11.88,0.0003,-0.0005,9.8066,52.59628299999999,-1.608857,147.72,0.0,6.0,114.12,22
63.3,-0.1788,0.351,9.8312,-0.008,0.0321,-0.0025,-17.0,-29.37,12.0,0.0007,-0.0041,9.8066,52.59628299999999,-1.608857,147.72,0.0,6.0,114.12,22
63.4,0.1035,0.0507,9.7301,0.0023,-0.0514,0.0242,-17.37,-29.44,12.19,0.0022,0.0029,9.8066,52.59628299999999,-1.608857,147.72,0.0,6.0,114.12,22
63.5,-0.0023,0.3233,9.8138,0.0143,0.0267,-0.0064,-17.31,-28.94,12.06,-0.0027,-0.0042,9.8066,52.59628299999999,-1.608857,147.72,0.0,6.0,114.12,22
63.6,-0.1732,0.0946,9.8459,0.0163,-0.0286,0.0139999999999999,-16.69,-29.44,11.69,0.0002,0.0052,9.8066,52.59628299999999,-1.608857,147.72,0.0,6.0,114.12,22
63.7,0.0959,-0.1554,9.8768,-0.0083,-0.0178,0.0128,-15.94,-29.25,12.44,0.0009,0.0001,9.8066,52.59628299999999,-1.608857,147.72,0.0,6.0,114.12,22
63.799,0.1383,-0.2263,9.3158,-0.0164,-0.0996,0.0104,-16.0,-29.19,12.44,-0.0068,0.006,9.8066,52.59628299999999,-1.608857,147.72,0.0,6.0,114.12,22
63.9,-1.3312,-2.8192,11.2034,0.1693,-0.2709,0.2819,-16.0,-28.94,12.19,0.0087,0.042,9.8065,52.59628299999999,-1.608857,147.72,0.0,6.0,114.12,22
63.999,1.1099,2.088,9.1207,-0.0046,-0.1902,0.1952,-16.37,-28.5,12.38,0.0197,0.0516,9.8064,52.59628299999999,-1.608857,147.72,0.0,6.0,114.12,22
64.1,-1.2877,-0.7628,9.7601,0.0436,-0.3186,0.0937,-15.87,-29.0,12.5,-0.0135,0.0256,9.8065,52.59628299999999,-1.608857,147.72,0.0,6.0,114.12,22
64.2,0.3485,1.1546,9.2656,-0.04,-0.0276,0.0699,-16.06,-28.62,12.06,0.0152,0.016,9.8066,52.59628299999999,-1.608857,147.72,0.0,6.0,114.12,22
64.3,-0.9351,-1.1491,10.0875,0.0279999999999999,-0.2101,0.072,-15.94,-28.5,12.13,0.0037,0.0259,9.8066,52.59628299999999,-1.608857,147.72,0.0,6.0,114.12,22
64.4,0.2659,0.3764,9.8853,-0.0248,0.0207,-0.0215,-15.69,-28.5,11.94,0.002,-0.009,9.8066,52.59628299999999,-1.608857,147.72,0.0,6.0,114.12,22
64.499,-0.8572,-1.0664,10.0804,0.0164,-0.1015,0.0852,-16.06,-28.62,12.25,0.0054,0.0219,9.8066,52.59628299999999,-1.608857,147.72,0.0,6.0,114.12,22
64.6,0.2835,0.4672,9.7409,-0.0326,0.0846,-0.0803,-15.81,-29.0,12.56,0.0013,-0.0075,9.8066,52.59628299999999,-1.608857,147.72,0.0,6.0,114.12,22
64.7,0.2357,0.4723,9.7473,0.0062,-0.0357,0.0377,-16.25,-28.69,12.44,0.0025,0.0139,9.8066,52.59628299999999,-1.608857,147.72,0.0,6.0,114.12,22
64.8,0.3353,0.5703,9.6836,-0.0128,0.0897,-0.0521,-15.87,-28.62,12.38,-0.0012,-0.0095,9.8066,52.59628299999999,-1.608857,147.72,0.0,6.0,114.12,22
64.9,-0.1859,-0.0394,9.7823,-0.0068,-0.0016,-0.0004,-15.87,-28.87,12.81,0.0022,0.0019,9.8066,52.59628299999999,-1.608857,147.72,0.0,6.0,114.12,22
64.999,-0.3579,-0.4288,9.9973,-0.0131,0.0717,-0.0324,-16.37,-29.44,12.06,0.0014,-0.006,9.8066,52.59628299999999,-1.608857,147.72,0.0,6.0,114.12,22
65.1,-0.1433,-0.1519,9.9212,-0.0152,0.0277,-0.0171,-16.31,-28.94,12.69,0.0018,-0.0016,9.8066,52.59628299999999,-1.608857,147.72,0.0,6.0,114.12,22
65.2,-0.201,-0.1407,9.9159,-0.0093,0.0317,-0.0267,-15.75,-29.0,12.0,-0.0008,-0.0079,9.8066,52.59628299999999,-1.608857,147.72,0.0,6.0,114.12,22
65.3,0.145,0.1989999999999999,9.7215,-0.0122,0.0276,-0.0197,-15.62,-28.81,11.44,0.0026,-0.0013,9.8066,52.59628299999999,-1.608857,147.72,0.0,6.0,114.12,22
65.4,-0.1182,0.1841,9.8172,-0.0162,0.03,-0.018,-15.75,-29.06,12.19,0.0001,-0.0045,9.8066,52.59628299999999,-1.608857,147.72,0.0,6.0,114.12,22
65.499,0.2448,0.0827,9.7929,-0.0093,0.012,-0.0233,-15.44,-28.87,12.06,-0.0001,-0.0015,9.8066,52.59628299999999,-1.608857,147.72,0.0,6.0,114.12,22
65.6,-0.3364,-0.2256,9.8364,0.0033,0.0431,-0.0161,-16.06,-28.81,11.88,-0.0039,-0.0063,9.8066,52.59628299999999,-1.608857,147.72,0.0,6.0,114.12,22
65.7,0.0171,-0.0433,9.7607,-0.0002,0.0255,-0.0139,-15.44,-29.19,12.31,0.0014,-0.0002,9.8066,52.59628299999999,-1.608857,147.72,0.0,6.0,114.12,22
65.8,0.0397,-0.0442,9.8784,0.0043,0.0287,-0.0289999999999999,-16.19,-28.81,12.0,-0.0039,-0.0037,9.8066,52.59628299999999,-1.608857,147.72,0.0,6.0,114.12,22
65.9,0.0808,0.2969,9.8639,0.0049,0.0541,-0.012,-16.12,-28.87,12.5,-0.0011,-0.0027,9.8066,52.59628299999999,-1.608857,147.72,0.0,6.0,114.12,22
66.0,-0.1898,-0.3191,9.8008,0.0004,0.0067,-0.0124,-15.69,-29.06,12.31,-0.0028,-0.0033,9.8066,52.59628299999999,-1.608857,147.72,0.0,6.0,114.12,22
66.1,-0.0921,0.3545,9.7613,0.0069,0.0537,-0.0376,-16.0,-28.69,12.0,-0.0038,-0.0052,9.8066,52.59628299999999,-1.608857,147.72,0.0,6.0,114.12,22
66.2,-0.3258,-0.2788,9.8245,-0.0034,-0.0183,0.0137,-16.0,-29.19,11.81,-0.0014,-0.0014,9.8066,52.59628299999999,-1.608857,147.72,0.0,6.0,114.12,22
66.299,0.2154,0.2719,9.8853,0.0018,0.0396,-0.0228,-16.06,-28.56,12.06,-0.0044,-0.0045,9.8066,52.59628299999999,-1.608857,147.72,0.0,6.0,114.12,22
66.4,-0.1317,0.0959,9.8545,-0.0101,-0.0305,0.0182,-15.62,-28.81,11.94,0.0017,0.0022,9.8066,52.59628299999999,-1.608857,147.72,0.0,6.0,114.12,22
66.5,0.3625,0.3438,9.8663,0.0036,0.0198,0.0003,-16.25,-28.69,12.06,-0.0016,-0.0025,9.8066,52.59628299999999,-1.608857,147.72,0.0,6.0,114.12,22
66.6,-0.1156,0.1107,9.9112,-0.0031,-0.0594,0.0249,-15.37,-28.75,12.94,0.0039,0.0045,9.8066,52.59628299999999,-1.608857,147.72,0.0,6.0,114.12,22
66.7,-0.3159,-0.4376,9.8313,0.0018,-0.0138,0.0144,-16.06,-28.87,13.06,0.001,0.0014,9.8066,52.59628299999999,-1.608857,147.72,0.0,6.0,114.12,22
66.8,-0.2238,-0.0181,9.8277,-0.0083,-0.0553,0.0295,-15.62,-29.31,11.56,0.0046,0.0063,9.8066,52.59628299999999,-1.608857,147.72,0.0,6.0,114.12,22
66.9,-0.2662,-0.4191,9.8604,-0.0012,-0.0421,0.0297,-15.56,-28.44,12.25,0.0021,0.0033,9.8066,52.59628299999999,-1.608857,147.72,0.0,6.0,114.12,22
66.999,0.1156,0.3217,9.8602,-0.0001,-0.0103,0.0098,-15.62,-29.31,11.88,0.0031,0.0047,9.8066,52.59628299999999,-1.608857,147.72,0.0,6.0,114.12,22
67.1,-0.3089,-0.3664,9.8545,-0.0076,-0.0574,0.0252,-16.0,-29.0,11.88,0.0038,0.0043,9.8066,52.59628299999999,-1.608857,147.72,0.0,6.0,114.12,22
67.2,0.1631,0.3075,9.7845,-0.0044,0.022,-0.0039,-15.75,-28.87,11.63,0.0003,-0.0002,9.8066,52.59628299999999,-1.608857,147.72,0.0,6.0,114.12,22
67.299,-0.0472,0.1318,9.8922,0.012,-0.0343,0.0098,-16.19,-29.06,12.56,0.0,0.0036,9.8066,52.59628299999999,-1.608857,147.72,0.0,6.0,114.12,22
67.4,0.2279,0.3039,9.8259,-0.0034,0.0476,-0.0301,-15.75,-28.69,12.38,-0.004,-0.0037,9.8066,52.59628299999999,-1.608857,147.72,0.0,6.0,114.12,22
67.499,-0.1744,0.0967,9.843,0.0057,0.0183,0.0033,-16.12,-29.06,12.81,0.0013,0.0018,9.8066,52.59628299999999,-1.608857,147.72,0.0,6.0,114.12,22
67.6,-0.1103,-0.3412,9.9246,-0.0144,0.0346,-0.0273,-16.44,-28.75,11.81,0.0002,0.0002,9.8066,52.59628299999999,-1.608857,147.72,0.0,6.0,114.12,22
67.7,-0.0313,0.1562,9.8163,0.0152,0.0515,-0.0115,-15.87,-28.31,11.88,0.0038,0.0028,9.8066,52.59628299999999,-1.608857,147.72,0.0,6.0,114.12,22
67.8,-0.2475,-0.0367,9.8377,-0.0004,0.0153,-0.0209,-15.87,-29.0,11.94,0.002,0.0009,9.8066,52.59628299999999,-1.608857,147.72,0.0,6.0,114.12,22
67.9,0.1552,0.21,9.8353,-0.0004,0.0478,-0.0186,-15.87,-28.62,11.94,0.0026,0.002,9.8066,52.59628299999999,-1.608857,147.72,0.0,6.0,114.12,22
68.0,-0.1198,-0.2977,9.8617,-0.0175,-0.0069999999999999,0.0148,-16.37,-28.69,12.38,0.0018,0.0039,9.8066,52.59628299999999,-1.608857,147.72,0.0,6.0,114.12,22
68.1,-0.1638,0.0466,9.845,0.0096,0.0285,-0.025,-15.5,-28.69,12.06,-0.0009,0.0002,9.8066,52.59628299999999,-1.608857,147.72,0.0,6.0,114.12,22
68.2,-0.2364,-0.3524,9.844,0.0069999999999999,-0.0201,0.0129,-15.81,-28.62,12.13,0.003,0.0019,9.8066,52.59628299999999,-1.608857,147.72,0.0,6.0,114.12,22
68.3,-0.0517,0.0704,9.8124,-0.0089,0.0042,-0.0041,-15.75,-29.31,11.56,-0.0015,-0.0018,9.8066,52.59628299999999,-1.608857,147.72,0.0,6.0,114.12,22
68.4,0.0703,0.3162,9.8646,-0.0053,-0.0421,0.0306,-16.25,-29.5,12.5,-0.0004,0.0014,9.8066,52.59628299999999,-1.608857,147.72,0.0,6.0,114.12,22
68.5,-0.1657,0.4454,9.7422,-0.0031,-0.0247,-0.0008,-16.31,-29.06,12.19,-0.005,-0.0036,9.8066,52.59628299999999,-1.608857,147.72,0.0,6.0,114.12,22
68.599,0.0529,0.3421,9.8249,-0.0092,-0.046,0.0256,-16.56,-29.44,12.25,-0.0023,-0.0026,9.8066,52.59628299999999,-1.608857,147.72,0.0,6.0,114.12,22
68.7,-0.163,-0.4143,9.847,-0.0017,-0.042,0.0234,-15.87,-29.19,11.81,-0.0032,-0.0059,9.8066,52.59628299999999,-1.608857,147.72,0.0,6.0,114.12,22
68.8,-0.0595,0.1846,9.8616,-0.0058,-0.024,0.0023,-15.56,-29.31,12.13,-0.0035,-0.0022,9.8066,52.59628299999999,-1.608857,147.72,0.0,6.0,114.12,22
68.9,-0.1768,-0.3858,9.9159,-0.0035,-0.0467,0.0431,-16.25,-28.62,12.06,-0.0038,-0.0033,9.8066,52.59628299999999,-1.608857,147.72,0.0,6.0,114.12,22
69.0,-0.1896,0.1539,9.7293,0.011,0.0048,-0.0036,-16.06,-29.25,12.19,0.0004,-0.0043,9.8066,52.59628299999999,-1.608857,147.72,0.0,6.0,114.12,20
69.1,-0.2699,-0.369,9.8511,0.0096,-0.0298,0.0165,-15.5,-28.37,12.31,0.0026,0.0006,9.8066,52.59628299999999,-1.608857,147.72,0.0,6.0,114.12,20
69.2,-0.0013,0.1907,9.8227,-0.003,0.0284,-0.0141,-16.06,-29.12,11.5,-0.0043,-0.0036,9.8066,52.59628299999999,-1.608857,147.72,0.0,6.0,114.12,20
69.3,0.2334,0.1887,9.8464,0.004,0.0057,-0.0016,-16.06,-28.44,12.13,0.0001,0.0028,9.8066,52.59628299999999,-1.608857,147.72,0.0,6.0,114.12,20
69.4,-0.2334,0.1251,9.7646,-0.0104,0.0405,-0.0184,-15.81,-29.25,12.13,-0.0006,-0.0007,9.8066,52.59628299999999,-1.608857,147.72,0.0,6.0,114.12,20
69.5,0.0897,0.1996,9.8739,0.0044,0.0353,-0.0159,-16.0,-28.69,11.88,0.0035,0.004,9.8066,52.59628299999999,-1.608857,147.72,0.0,6.0,114.12,20
69.599,-0.1356,-0.0244,9.8483,-0.0007,0.0092,-0.0107,-15.44,-29.06,12.13,0.0023,0.0033,9.8066,52.59628299999999,-1.608857,147.72,0.0,6.0,114.12,20
69.7,0.1307,0.0382,9.9106,-0.0123,0.0144,-0.0014,-15.81,-28.37,12.44,-0.0043,-0.0009,9.8066,52.59628299999999,-1.608857,147.72,0.0,6.0,114.12,20
69.8,-0.2988,-0.1444,9.8688,-0.0136,-0.0028,0.0071,-15.94,-29.0,12.31,-0.0009,0.001,9.8066,52.59628299999999,-1.608857,147.72,0.0,6.0,114.12,20
69.9,-0.0688,-0.0138,9.7873,0.0055,-0.0026,-0.0062,-15.69,-28.94,12.06,-0.0016,0.0024,9.8066,52.59628299999999,-1.608857,147.72,0.0,6.0,114.12,20
70.0,-0.083,0.0258,9.9039,0.0008,-0.0212,0.0171,-15.37,-28.81,12.13,-0.0012,0.001,9.8066,52.59628299999999,-1.608857,147.72,0.0,6.0,114.12,21
70.1,-0.3537,-0.2554,9.7232,-0.0109,-0.0221,0.0149,-15.87,-28.87,11.5,-0.0008,-0.0016,9.8066,52.59628299999999,-1.608857,147.72,0.0,6.0,114.12,21
70.2,0.1415,0.1124,9.9443,-0.0113,-0.018,0.0122,-15.94,-29.44,12.06,-0.0059,-0.0023,9.8066,52.59628299999999,-1.608857,147.72,0.0,6.0,114.12,21
70.299,-0.1086,-0.122,9.8529,-0.0035,-0.046,0.0132,-16.0,-29.06,11.69,-0.0012,-0.0006,9.8066,52.59628299999999,-1.608857,147.72,0.0,6.0,114.12,21
70.4,0.1265,0.211,9.852,0.0128,0.0229,-0.0142,-16.06,-28.94,12.31,-0.0017,-0.0045,9.8066,52.59628299999999,-1.608857,147.72,0.0,6.0,114.12,21
70.499,-0.0464,0.1232,9.8917,0.0043,-0.0262,0.0073,-16.31,-28.62,12.31,0.0029,0.0008,9.8066,52.59628299999999,-1.608857,147.72,0.0,6.0,114.12,21
70.599,0.1738,0.1952,9.8448,-0.0047,0.0399,-0.024,-16.0,-28.94,12.19,-0.0006,0.0,9.8066,52.59628299999999,-1.608857,147.72,0.0,6.0,114.12,21
70.7,-0.0622,0.0965,9.8921,0.0071,0.021,-0.0062,-15.87,-28.81,12.19,0.0017,0.0043,9.8066,52.59628299999999,-1.608857,147.72,0.0,6.0,114.12,21
70.8,-0.1753,-0.2622,9.82,-0.0003,0.027,-0.0221,-16.44,-29.12,11.81,0.0024,0.0014,9.8066,52.59628299999999,-1.608857,147.72,0.0,6.0,114.12,21
70.899,-0.0391,0.1962,9.7615,-0.0015,0.0355,-0.0123,-16.0,-29.0,12.13,0.0027,0.0038,9.8066,52.59628299999999,-1.608857,147.72,0.0,6.0,114.12,21
71.0,-0.1768,0.0503,9.8456,0.0003,0.0073,-0.0022,-15.94,-29.06,11.69,0.0023,0.0018,9.8066,52.59628299999999,-1.608857,147.72,0.0,6.0,114.12,21
71.099,-0.1761,0.1673,9.7219,-0.0068,0.0341,-0.0179,-15.75,-28.44,12.19,-0.0025,0.0017,9.8066,52.59628299999999,-1.608857,147.72,0.0,6.0,114.12,22
71.2,-0.1048,-0.3156,9.8453,0.0024,-0.0131,0.0186,-15.94,-28.75,11.81,0.0029,0.0023,9.8066,52.59628299999999,-1.608857,147.72,0.0,6.0,114.12,22
71.3,-0.1316,0.1233,9.8199,0.0095,0.0057,-0.0187,-16.0,-29.06,12.0,-0.0002,-0.0009,9.8066,52.59628299999999,-1.608857,147.72,0.0,6.0,114.12,22
71.4,0.1055,0.1044,9.891,-0.0085,-0.0228,0.0167,-16.25,-28.56,11.75,-0.0004,0.0012,9.8066,52.59628299999999,-1.608857,147.72,0.0,6.0,114.12,22
71.5,0.021,0.2752,9.8005,-0.0027,-0.0001,0.0062,-16.31,-29.75,12.06,-0.0016,-0.0022,9.8066,52.59628299999999,-1.608857,147.72,0.0,6.0,114.12,22
71.6,0.0315,0.1056,9.8395,0.0036,-0.0293,0.0098,-15.94,-28.44,11.56,-0.0011,0.0013,9.8066,52.59628299999999,-1.608857,147.72,0.0,6.0,114.12,22
71.7,-0.0542,-0.2855,9.8916,-0.0008,-0.0245,0.0141,-15.56,-28.75,12.13,0.0009,-0.0031,9.8066,52.59628299999999,-1.608857,147.72,0.0,6.0,114.12,22
71.8,-0.1514,0.1335,9.7776,0.0099,0.0063,-0.0048,-16.44,-29.12,12.25,-0.0024,-0.0017,9.8066,52.59628299999999,-1.608857,147.72,0.0,6.0,114.12,22
71.901,0.12,0.1106,9.911,-0.0074,-0.0261,0.0078,-16.19,-28.87,12.31,0.0003,0.0012,9.8066,52.59628299999999,-1.608857,147.72,0.0,6.0,114.12,22
72.0,0.1217,0.165,9.8261,-0.0064,0.0319,-0.0064,-15.69,-29.06,12.44,-0.0019,-0.0017,9.8066,52.59628299999999,-1.608857,147.72,0.0,6.0,114.12,22
72.1,-0.0926,0.1018,9.8731,0.012,0.0102,-0.0089,-16.0,-29.0,12.44,0.0019,0.002,9.8066,52.59628299999999,-1.608857,147.72,0.0,6.0,114.12,22
72.2,-0.085,-0.2698,9.848,-0.0018,0.0302,-0.0213,-16.06,-29.12,12.0,0.0002,0.0002,9.8066,52.59628299999999,-1.608857,147.72,0.0,6.0,114.12,22
72.3,-0.1762,0.0871,9.8118,-0.0047,0.0396,-0.0094,-16.25,-28.75,12.13,0.0023,0.0034,9.8066,52.59628299999999,-1.608857,147.72,0.0,6.0,114.12,22
72.4,-0.1867,-0.2485,9.8338,0.0009,-0.0037,-0.0117,-16.37,-28.37,11.81,0.0038,0.004,9.8066,52.59628299999999,-1.608857,147.72,0.0,6.0,114.12,22
72.5,0.0087,0.0882,9.8593,0.003,0.0322,-0.0223,-15.75,-29.0,11.63,-0.0003,0.0005,9.8066,52.59628299999999,-1.608857,147.72,0.0,6.0,114.12,22
72.6,-0.1488,-0.2731,9.8733,0.0054,-0.0046,0.0137,-16.19,-28.44,11.81,0.0039,0.0027,9.8066,52.59628299999999,-1.608857,147.72,0.0,6.0,114.12,22
72.7,-0.0025,0.1151,9.8144,-0.0117,0.008,-0.0112,-16.25,-28.69,12.19,-0.0009,-0.0004,9.8066,52.59628299999999,-1.608857,147.72,0.0,6.0,114.12,22
72.799,0.0313,0.209,9.8452,-0.0061,-0.0227,0.0271,-16.06,-28.25,11.94,0.0011,0.0016,9.8066,52.59628299999999,-1.608857,147.72,0.0,6.0,114.12,22
72.9,-0.3106,-0.1084,9.801,-0.004,-0.0102,-0.0022,-15.25,-28.44,12.13,-0.0019,-0.002,9.8066,52.59628299999999,-1.608857,147.72,0.0,6.0,114.12,22
73.0,-0.0071,-0.1312,9.8842,0.0054,-0.0351,0.0169,-16.06,-28.56,12.0,0.0022,0.0041,9.8065,52.59628299999999,-1.608857,147.72,0.0,6.0,114.12,22
73.099,-0.3416,-0.1209,9.7378,-0.0007,-0.0279,0.0139999999999999,-16.19,-28.94,11.94,0.0016,0.0017,9.8066,52.59628299999999,-1.608857,147.72,0.0,6.0,114.12,22
73.199,0.3058,0.1367,9.9412,-0.0149,-0.0406,0.0112,-16.44,-28.87,12.06,0.0039,0.0022,9.8065,52.59628299999999,-1.608857,147.72,0.0,6.0,114.12,22
73.3,-0.3246,-0.0896,9.7908,0.0019,-0.0359,0.0212,-16.0,-29.06,11.5,0.0021,0.0053,9.8066,52.59628299999999,-1.608857,147.72,0.0,6.0,114.12,22
73.4,0.19,0.2782,9.8855,0.0044,-0.0062,-0.0121,-15.81,-28.94,12.44,-0.0011,-0.0008,9.8066,52.59628299999999,-1.608857,147.72,0.0,6.0,114.12,22
73.5,-0.0391,-0.0091,9.8197,-0.0139999999999999,-0.0391,0.0307,-16.0,-28.75,12.06,0.0053,0.0038,9.8066,52.59628299999999,-1.608857,147.72,0.0,6.0,114.12,22
73.599,0.291,0.3266,9.8275,-0.0062,0.0304,-0.0236,-15.75,-28.75,11.88,0.0014,-0.0019,9.8066,52.59628299999999,-1.608857,147.72,0.0,6.0,114.12,22
73.699,-0.0912,-0.1652,9.9323,0.0006,-0.0256,0.0069999999999999,-16.0,-29.37,12.19,0.0036,0.0048,9.8066,52.59628299999999,-1.608857,147.72,0.0,6.0,114.12,22
73.8,-0.3516,-0.2073,9.79,0.0002,0.0596,-0.0259,-15.56,-28.31,12.25,-0.0035,-0.0025,9.8066,52.59628299999999,-1.608857,147.72,0.0,6.0,114.12,22
73.9,-0.2984,-0.2271,9.7926,0.0001,0.0061,-0.0117,-15.75,-28.75,11.38,-0.0022,0.0004,9.8066,52.59628299999999,-1.608857,147.72,0.0,6.0,114.12,22
73.999,-0.2372,-0.1581,9.8589,-0.0142,0.0501,-0.0195,-15.94,-28.81,12.31,-0.0023,-0.0047,9.8066,52.59628299999999,-1.608857,147.72,0.0,6.0,114.12,22
74.1,0.2285,0.2322,9.8044,0.002,0.0557,-0.0201,-16.56,-28.81,12.06,-0.0019,-0.0011,9.8066,52.59628299999999,-1.608857,147.72,0.0,6.0,114.12,22
74.2,-0.2768,-0.0437,9.7606,-0.0007,0.0231,-0.0203,-16.0,-28.87,12.06,-0.0039,-0.0042,9.8066,52.59628299999999,-1.608857,147.72,0.0,6.0,114.12,22
74.3,0.3551,0.2741,9.9288,0.0103,0.0601,-0.0232,-16.44,-28.87,12.75,-0.0049,-0.0029,9.8066,52.59628299999999,-1.608857,147.72,0.0,6.0,114.12,22
74.4,-0.0541,-0.1766,9.899,-0.0102,-0.0022,0.0015,-16.12,-28.37,12.13,-0.0014,-0.0024,9.8066,52.59628299999999,-1.608857,147.72,0.0,6.0,114.12,22
74.499,0.3381,0.3601,9.9441,-0.0008,0.0316,-0.0174,-15.75,-28.75,12.19,-0.0018,-0.0033,9.8066,52.59628299999999,-1.608857,147.72,0.0,6.0,114.12,22
74.6,-0.3228,-0.2437,9.8102,0.0013,-0.0356,0.0229,-16.5,-28.87,11.94,0.0017,0.0007,9.8066,52.59628299999999,-1.608857,147.72,0.0,6.0,114.12,22
74.7,-0.1452,-0.2458,9.9388,0.0105,0.0138,-0.0044,-16.0,-29.06,12.38,-0.004,-0.0028,9.8066,52.59628299999999,-1.608857,147.72,0.0,6.0,114.12,22
74.8,0.1798,0.3075,9.86,0.0024,-0.0586,0.0214,-15.87,-29.12,11.88,0.0011,0.0054,9.8066,52.59628299999999,-1.608857,147.72,0.0,6.0,114.12,22
74.901,-0.256,-0.4168,9.7719,-0.0104,-0.0284,0.0204,-16.62,-28.87,11.5,0.0031,-0.0001,9.8066,52.59628299999999,-1.608857,147.72,0.0,6.0,114.12,22
75.0,0.3375,0.2526,9.9517,-0.0201,-0.0397,0.0269,-16.37,-28.75,12.0,0.0043,0.0046,9.8066,52.59628299999999,-1.608857,147.72,0.0,6.0,114.12,22
75.1,-0.241,-0.1153,9.7501,0.0106,-0.0505,0.0114,-16.12,-28.94,12.31,0.0005,0.0037,9.8066,52.59628299999999,-1.608857,147.72,0.0,6.0,114.12,22
75.2,0.3041,0.3059,9.8714,0.0142,0.012,-0.0038,-16.37,-29.62,12.19,-0.0016,0.0028,9.8066,52.59628299999999,-1.608857,147.72,0.0,6.0,114.12,22
75.299,-0.1314,-0.0342,9.8611,-0.0071,-0.0442,0.0291,-16.19,-28.87,12.0,0.0042,0.0045,9.8066,52.59628299999999,-1.608857,147.72,0.0,6.0,114.12,22
75.399,0.0803,0.2729,9.7919,-0.0152,0.0266,-0.0148,-15.87,-29.31,11.94,0.0001,-0.0014,9.8066,52.59628299999999,-1.608857,147.72,0.0,6.0,114.12,22
75.5,-0.0445,0.0069999999999999,9.9859,0.0144,0.0178,0.0115,-15.87,-28.75,11.88,-0.0011,0.0048,9.8066,52.59628299999999,-1.608857,147.72,0.0,6.0,114.12,22
75.6,-0.0519,-0.4047,9.8001,0.0072,0.0209,-0.0313,-15.81,-29.06,11.44,-0.004,-0.0041,9.8066,52.59628299999999,-1.608857,147.72,0.0,6.0,114.12,22
75.699,-0.214,0.0087,9.7642,0.0091,0.0239,-0.0156,-15.69,-28.94,12.38,-0.0001,0.0009,9.8066,52.59628299999999,-1.608857,147.72,0.0,6.0,114.12,22
75.801,0.088,-0.2848,9.9853,-0.0139,0.0184,0.0008,-16.12,-28.25,11.44,0.0004,-0.0019,9.8066,52.59628299999999,-1.608857,147.72,0.0,6.0,114.12,22
75.9,0.1633,0.1692,9.8694,-0.0038,0.0159,-0.0139,-16.06,-29.37,12.31,0.0001,-0.0015,9.8066,52.59628299999999,-1.608857,147.72,0.0,6.0,114.12,22
76.0,-0.1207,0.0138,9.8522,-0.0049,0.003,0.0024,-16.06,-29.37,12.63,0.0009,0.0007,9.8065,52.59628299999999,-1.608857,147.72,0.0,6.0,114.12,22
76.1,-0.1209,0.057,9.8006,0.0035,0.0108,0.0012,-15.94,-28.37,11.94,-0.0014,-0.0014,9.8066,52.59628299999999,-1.608857,147.72,0.0,6.0,114.12,21
76.199,0.0201,0.0623,9.862,0.0042,-0.017,0.0004,-16.25,-28.87,12.25,0.0001,0.0023,9.8066,52.59628299999999,-1.608857,147.72,0.0,6.0,114.12,21
76.3,-0.0339,0.0751,9.8554,-0.0098,0.0031,0.0132,-16.0,-29.06,12.0,0.0043,0.0007,9.8066,52.59628299999999,-1.608857,147.72,0.0,6.0,114.12,21
76.399,0.0269,0.1239,9.8644,-0.0098,-0.0104,0.0081,-15.69,-28.69,12.0,0.0009,0.0001,9.8066,52.59628299999999,-1.608857,147.72,0.0,6.0,114.12,21
76.5,0.1227,-0.2192,9.8441,-0.0007,-0.0265,0.0111,-16.19,-28.69,12.06,0.0023,0.0012,9.8066,52.59628299999999,-1.608857,147.72,0.0,6.0,114.12,21
76.6,0.0007,0.3023,9.8439,-0.0103,0.0251,-0.0083,-16.06,-29.25,12.31,0.0017,0.0004,9.8066,52.59628299999999,-1.608857,147.72,0.0,6.0,114.12,21
76.7,0.0762,-0.2613,9.8946,-0.0034,-0.0077,0.0252,-16.06,-28.75,12.19,0.0032,0.0029,9.8066,52.59628299999999,-1.608857,147.72,0.0,6.0,114.12,21
76.8,-0.2595,-0.1207,9.7995,0.0014,0.0235,-0.0281,-16.25,-29.12,11.25,-0.0032,-0.0024,9.8066,52.59628299999999,-1.608857,147.72,0.0,6.0,114.12,21
76.899,0.0542,0.1146,9.9113,0.0111,-0.0309,0.004,-16.0,-28.5,12.13,0.0022,0.001,9.8066,52.59628299999999,-1.608857,147.72,0.0,6.0,114.12,21
77.0,0.2061,0.1561,9.9008,-0.0034,0.0574,-0.0147,-16.06,-28.31,12.5,-0.0028,-0.0015,9.8066,52.59628299999999,-1.608857,147.72,0.0,6.0,114.12,21
77.1,0.0343,0.1259,9.8176,-0.0028,0.0149,-0.0135,-16.06,-29.12,11.63,-0.0008,-0.0014,9.8066,52.59628299999999,-1.608857,147.72,0.0,6.0,114.12,21
77.2,-0.3969,-0.2845,9.7984,0.0111,0.0469,-0.024,-15.81,-28.75,12.31,-0.005,-0.0039,9.8066,52.59628299999999,-1.608857,147.72,0.0,6.0,114.12,21
77.3,0.0592,-0.0121,9.7604,0.0029,0.0452,-0.0245,-16.0,-28.87,12.63,-0.0014,-0.0026,9.8066,52.59628299999999,-1.608857,147.72,0.0,6.0,114.12,21
77.4,-0.3322,-0.306,9.8704,0.0007,0.0388,-0.0197,-15.81,-28.87,12.19,-0.0025,-0.0026,9.8066,52.59628299999999,-1.608857,147.72,0.0,6.0,114.12,21
77.5,0.2137,0.1689,9.9123,0.0086,0.0583,-0.0315,-16.06,-28.12,11.75,-0.003,-0.0051,9.8066,52.59628299999999,-1.608857,147.72,0.0,6.0,114.12,21
77.599,-0.4229,-0.254,9.8428,0.0036,0.0022,0.0063,-15.87,-28.37,11.88,-0.0036,-0.0016,9.8066,52.59628299999999,-1.608857,147.72,0.0,6.0,114.12,21
77.7,0.1981,0.4125,9.8124,-0.0008,0.0818,-0.0355,-16.44,-28.87,11.5,-0.0021,-0.0027,9.8065,52.59628299999999,-1.608857,147.72,0.0,6.0,114.12,21
77.799,0.1421,0.0241,9.8128,0.0007,-0.0421,0.026,-16.0,-29.12,12.19,0.0042,0.0062,9.8066,52.59628299999999,-1.608857,147.72,0.0,6.0,114.12,21
77.9,-0.0069,-0.0777,9.9065,0.0046,0.0409999999999999,-0.0259,-15.75,-28.75,12.38,-0.0032,-0.0044,9.8066,52.59628299999999,-1.608857,147.72,0.0,6.0,114.12,21
77.999,-0.3638,-0.4174,9.8583,0.0094,-0.0545,0.0251,-15.87,-28.75,11.69,0.0045,0.0032,9.8066,52.59628299999999,-1.608857,147.72,0.0,6.0,114.12,21
78.099,0.0246,-0.0054,9.8204,-0.0042,-0.0058,0.0014,-16.5,-28.81,11.94,-0.0021,-0.0063,9.8066,52.59628299999999,-1.608857,147.72,0.0,6.0,114.12,22
78.2,0.1913,0.4413,9.8585,-0.0034,-0.0587,0.039,-16.44,-28.19,11.94,-0.0007,-0.0002,9.8066,52.59628299999999,-1.608857,147.72,0.0,6.0,114.12,22
78.299,0.3932,0.094,9.9639,-0.0008,-0.0284,0.0245,-15.87,-28.75,12.25,-0.0062,-0.0063,9.8066,52.59628299999999,-1.608857,147.72,0.0,6.0,114.12,22
78.4,-0.021,0.331,9.7658,0.0062,-0.0563,0.031,-16.06,-28.5,11.81,0.0026,-0.0019,9.8066,52.59628299999999,-1.608857,147.72,0.0,6.0,114.12,22
78.499,-0.2293,-0.4833,9.9006,0.009,-0.0489,0.0293,-16.25,-28.75,12.5,-0.0015,-0.0059,9.8066,52.59628299999999,-1.608857,147.72,0.0,6.0,114.12,22
78.599,0.0459,0.1965,9.8282,-0.0111,-0.0261,0.0193,-15.94,-28.87,12.19,-0.0049,-0.0044,9.8066,52.59628299999999,-1.608857,147.72,0.0,6.0,114.12,22
78.7,-0.3849,-0.3928,9.8955,0.0035,-0.0477,0.0396,-16.44,-29.12,12.5,-0.0024,-0.0044,9.8066,52.59628299999999,-1.608857,147.72,0.0,6.0,114.12,22
78.8,0.0778,0.1213,9.7753,0.0126,-0.003,-0.0146,-16.12,-29.25,12.19,-0.0031,-0.0054,9.8066,52.59628299999999,-1.608857,147.72,0.0,6.0,114.12,22
78.9,-0.5406,-0.3292,9.7597,-0.0151,-0.0394,0.035,-15.75,-29.12,12.5,0.0011,0.0019,9.8066,52.59628299999999,-1.608857,147.72,0.0,6.0,114.12,22
79.0,0.4237,0.181,9.9545,-0.0098,0.0331,-0.0116,-16.31,-28.81,12.19,-0.0066,-0.0049,9.8066,52.59628299999999,-1.608857,147.72,0.0,6.0,114.12,22
79.099,-0.0044,0.2651,9.8321,0.0018,-0.0309,0.001,-15.94,-29.0,12.25,0.0003,0.0041,9.8066,52.59628299999999,-1.608857,147.72,0.0,6.0,114.12,22
79.2,0.2784,0.3386,9.8674,0.0138,0.0651,-0.033,-16.12,-28.44,12.0,0.0015,-0.0014,9.8066,52.59628299999999,-1.608857,147.72,0.0,6.0,114.12,22
79.3,0.0087,-0.0036,9.8052,-0.0131,0.0062,-0.0064,-16.0,-28.69,12.5,0.0063,0.0062,9.8066,52.59628299999999,-1.608857,147.72,0.0,6.0,114.12,22
79.4,-0.3497,-0.3268,9.8957,0.0,0.0562,-0.0341,-15.75,-29.0,12.13,-0.0012,0.0013,9.8065,52.59628299999999,-1.608857,147.72,0.0,6.0,114.12,22
79.5,0.1179,0.3725,9.8381,0.0019,0.0457,-0.0119,-16.06,-28.87,11.69,-0.0001,0.0044,9.8066,52.59628299999999,-1.608857,147.72,0.0,6.0,114.12,22
79.599,0.0703,-0.0819999999999999,9.9085,0.0001,0.0464,-0.0318,-16.37,-29.0,12.5,0.0052,0.0051,9.8066,52.59628299999999,-1.608857,147.72,0.0,6.0,114.12,22
79.7,0.0673,0.3448,9.8444,0.0059,0.0595,-0.0261,-15.94,-28.62,12.31,0.0051,0.0042,9.8066,52.59628299999999,-1.608857,147.72,0.0,6.0,114.12,22
79.8,-0.0438,-0.3057,9.9137,-0.0027,-0.0068,0.0023,-15.56,-28.44,12.0,0.0001,0.0057,9.8066,52.59628299999999,-1.608857,147.72,0.0,6.0,114.12,22
79.9,0.1176,0.2375,9.9328,-0.0006,0.0659,-0.0228,-16.0,-28.94,11.56,-0.0014,0.0024,9.8065,52.59628299999999,-1.608857,147.72,0.0,6.0,114.12,22
79.999,-0.2277,-0.3671,9.7841,0.0068,-0.0117,0.0059,-15.75,-29.25,12.31,0.0053,0.0047,9.8066,52.59628299999999,-1.608857,147.72,0.0,6.0,114.12,22
80.1,0.0229,-0.0379,9.8302,-0.0051,0.0337,-0.0262,-15.69,-28.62,12.38,0.0008,-0.0012,9.8066,52.59628299999999,-1.608857,147.72,0.0,6.0,114.12,22
80.2,-0.3184,-0.3376,9.8245,-0.0147,-0.0349,0.0254,-15.94,-29.12,12.06,0.0004,0.0033,9.8066,52.59628299999999,-1.608857,147.72,0.0,6.0,114.12,22
80.299,0.131,0.0375,9.8853,0.0041,-0.0014,-0.0128,-15.56,-28.94,11.81,-0.0046,-0.0034,9.8066,52.59628299999999,-1.608857,147.72,0.0,6.0,114.12,22
80.4,-0.0414,0.2891,9.7457,0.0063,-0.0413,0.0301,-15.56,-28.75,11.44,0.0036,0.003,9.8066,52.59628299999999,-1.608857,147.72,0.0,6.0,114.12,22
80.5,0.1295,0.1559,9.8156,0.0005,-0.0236,0.0134,-16.19,-28.56,12.38,-0.002,-0.0044,9.8066,52.59628299999999,-1.608857,147.72,0.0,6.0,114.12,22
80.599,0.1208,0.2606,9.9257,-0.0098,-0.0503,0.0188,-15.87,-28.94,11.63,-0.0032,-0.0006,9.8066,52.59628299999999,-1.608857,147.72,0.0,6.0,114.12,22
80.7,-0.3485,-0.3081,9.8158,0.001,-0.0434,0.0266,-16.25,-29.06,12.13,-0.006,-0.0038,9.8066,52.59628299999999,-1.608857,147.72,0.0,6.0,114.12,22
80.799,0.1759,0.4147,9.8003,-0.0059,-0.0365,0.0118,-16.37,-29.06,12.44,-0.0021,-0.004,9.8066,52.59628299999999,-1.608857,147.72,0.0,6.0,114.12,22
80.9,-0.3991,-0.4484,9.7831,-0.0043,-0.0629,0.0403,-17.0,-29.87,11.94,-0.0014,-0.0037,9.8066,52.59628299999999,-1.608857,147.72,0.0,6.0,114.12,22
81.0,0.16,0.0887,9.9651,-0.0076,-0.0104,-0.0031,-16.25,-29.44,12.44,-0.0069999999999999,-0.0043,9.8066,52.59628299999999,-1.608857,147.72,0.0,6.0,114.12,22
81.1,-0.2288,-0.3917,9.9514,-0.0137,-0.0493,0.0404,-17.0,-29.25,11.94,-0.0042,-0.0003,9.8066,52.59628299999999,-1.608857,147.72,0.0,6.0,114.12,22
81.2,0.1975,0.3684,9.7098,-0.0027,0.0421,-0.0116,-16.87,-28.81,11.38,-0.0017,-0.0049,9.8066,52.59628299999999,-1.608857,147.72,0.0,6.0,114.12,22
81.3,-0.1321,-0.0649,9.9569,0.0204,-0.0097,-0.0058,-17.25,-28.75,11.56,0.0049,0.0035,9.8066,52.59628299999999,-1.608857,147.72,0.0,6.0,114.12,22
81.399,-0.2165,-0.3473,9.7611,0.0073,0.0642,-0.0252,-16.5,-29.06,12.31,0.0005,-0.0016,9.8066,52.59628299999999,-1.608857,147.72,0.0,6.0,114.12,22
81.5,-0.2988,-0.0092,9.8021,-0.0079,0.0279999999999999,-0.012,-16.94,-28.19,12.5,0.0026,0.0042,9.8066,52.59628299999999,-1.608857,147.72,0.0,6.0,114.12,22
81.6,-0.0046,-0.3432,9.9138,-0.0159,0.0205,-0.0184,-16.44,-29.19,12.13,-0.0011,0.0021,9.8066,52.59628299999999,-1.608857,147.72,0.0,6.0,114.12,22
81.7,-0.0702,0.2534,9.7423,-0.0002,0.0379,-0.0143,-16.69,-28.69,12.5,-0.0016,0.0035,9.8066,52.59628299999999,-1.608857,147.72,0.0,6.0,114.12,22
81.801,-0.0403,-0.2029,9.7991,0.0,0.0086,-0.0076,-16.81,-29.31,12.0,0.0039,0.0034,9.8066,52.59628299999999,-1.608857,147.72,0.0,6.0,114.12,22
81.9,0.1231,0.0831,9.7987,-0.0072,0.0138,-0.0079,-16.62,-29.12,11.75,0.0002,0.0006,9.8066,52.59628299999999,-1.608857,147.72,0.0,6.0,114.12,22
81.999,-0.0651,0.1178,9.8737,-0.0041,-0.0155,0.0068,-16.44,-28.56,12.25,-0.0006,0.0035,9.8066,52.59628299999999,-1.608857,147.72,0.0,6.0,114.12,21
82.1,-0.1574,-0.0514,9.7853,0.0025,-0.005,-0.0065,-16.69,-29.12,12.13,-0.0027,-0.001,9.8066,52.59628299999999,-1.608857,147.72,0.0,6.0,114.12,21
82.2,0.1767,-0.0523,9.9332,0.0008,0.0016,-0.0014,-16.62,-28.94,12.13,-0.0008,-0.0006,9.8066,52.59628299999999,-1.608857,147.72,0.0,6.0,114.12,21
82.3,-0.2697,-0.1106,9.7582,-0.023,-0.0077,0.0165,-16.5,-28.56,12.75,-0.0036,0.0014,9.8066,52.59628299999999,-1.608857,147.72,0.0,6.0,114.12,21
82.4,-0.1025,0.1096,9.8749,-0.0044,0.0043,-0.0001,-16.12,-28.94,12.06,-0.0031,-0.0017,9.8066,52.59628299999999,-1.608857,147.72,0.0,6.0,114.12,21
82.5,-0.0892,-0.193,9.856,-0.0058,-0.0329,0.0073,-16.25,-28.87,12.38,-0.0016,0.0029,9.8066,52.59628299999999,-1.608857,147.72,0.0,6.0,114.12,21
82.599,0.0582,0.2449,9.9352,-0.0112,0.0022,-0.0006,-16.5,-28.56,12.13,-0.0043,-0.0027,9.8066,52.59628299999999,-1.608857,147.72,0.0,6.0,114.12,21
82.699,-0.157,-0.0362,9.6849,-0.0108,-0.0249,0.019,-16.56,-28.81,11.75,-0.0042,-0.0008,9.8066,52.59628299999999,-1.608857,147.72,0.0,6.0,114.12,21
82.8,0.0264,-0.0238,9.9279,-0.0093,0.0043,-0.013,-16.19,-28.94,12.38,-0.0023,-0.0026,9.8066,52.59628299999999,-1.608857,147.72,0.0,6.0,114.12,21
82.9,-0.361,-0.2352,9.7686,-0.0003,-0.0206,0.0009,-17.06,-28.06,12.0,0.0014,0.0022,9.8066,52.59628299999999,-1.608857,147.72,0.0,6.0,114.12,21
83.0,0.2278,0.2291,9.9946,-0.0245,0.0181,-0.0082,-16.37,-29.19,12.19,-0.0057,-0.0018,9.8066,52.59628299999999,-1.608857,147.72,0.0,6.0,114.12,21
83.1,0.1193,-0.0154,9.7795,0.0009,-0.0183,0.0132,-16.06,-28.56,12.0,-0.0027,0.0005,9.8066,52.59628299999999,-1.608857,147.72,0.0,6.0,114.12,22
83.2,0.0638,0.3922,9.837,0.0043,0.0275,-0.038,-16.12,-29.5,12.19,-0.0003,0.0002,9.8066,52.59628299999999,-1.608857,147.72,0.0,6.0,114.12,22
83.3,-0.0435,-0.1873,9.7711,-0.0123,0.0025,0.0128,-16.31,-28.81,12.13,0.0045,0.0038,9.8066,52.59628299999999,-1.608857,147.72,0.0,6.0,114.12,22
83.4,-0.1586,-0.3026,9.9777,-0.0093,0.055,-0.0383,-16.5,-28.12,12.38,-0.004,0.0013,9.8066,52.59628299999999,-1.608857,147.72,0.0,6.0,114.12,22
83.5,-0.0896,-0.2683,9.8742,-0.0034,0.0002,-0.0159,-16.31,-28.75,12.19,0.0014,0.0056,9.8066,52.59628299999999,-1.608857,147.72,0.0,6.0,114.12,22
83.6,-0.2269,-0.2114,9.83,0.0029,0.0823,-0.0292,-16.5,-28.37,12.25,0.0002,0.0011,9.8066,52.59628299999999,-1.608857,147.72,0.0,6.0,114.12,22
83.7,0.3105,0.3865,9.9178,0.0072,0.032,-0.0299,-16.31,-29.25,12.5,0.0061,0.0048,9.8066,52.59628299999999,-1.608857,147.72,0.0,6.0,114.12,22
83.8,0.0364,-0.0965,9.924,0.0006,0.0433,-0.0326,-16.19,-29.0,11.94,0.0012,0.0041,9.8066,52.59628299999999,-1.608857,147.72,0.0,6.0,114.12,22
83.899,0.1359,0.3789,9.8148,-0.0036,0.0725,-0.0231,-16.19,-28.44,12.13,0.0004,0.0041,9.8066,52.59628299999999,-1.608857,147.72,0.0,6.0,114.12,22
83.999,-0.0865,-0.3671,9.8612,0.0001,0.0027,-0.0139,-16.44,-29.25,12.31,0.0053,0.0047,9.8066,52.59628299999999,-1.608857,147.72,0.0,6.0,114.12,22
84.1,0.0165,0.276,9.7558,0.0035,0.0455,-0.0248,-16.44,-28.75,12.0,0.0015,-0.002,9.8065,52.59628299999999,-1.608857,147.72,0.0,6.0,114.12,22
84.2,-0.1939999999999999,-0.3609,9.8565,-0.0019,-0.0099,0.0153,-16.44,-28.56,11.56,0.0013,0.005,9.8066,52.59628299999999,-1.608857,147.72,0.0,6.0,114.12,22
84.299,0.0591,0.1885,9.8367,0.0008,0.0156,-0.0222,-17.0,-28.87,12.19,-0.0021,-0.0008,9.8066,52.59628299999999,-1.608857,147.72,0.0,6.0,114.12,22
84.4,-0.003,0.1791,9.8702,-0.0119,-0.0256,0.0161,-16.0,-28.81,12.56,0.0029,0.0026,9.8066,52.59628299999999,-1.608857,147.72,0.0,6.0,114.12,22
84.5,0.0814,0.2271,9.8184,0.0145,0.0046,0.0001,-16.44,-29.12,12.63,0.0006,-0.0031,9.8066,52.59628299999999,-1.608857,147.72,0.0,6.0,114.12,22
84.6,-0.0695,0.0618,9.8585,0.0186,-0.0434,0.0179,-16.37,-28.69,12.88,0.0013,0.0017,9.8066,52.59628299999999,-1.608857,147.72,0.0,6.0,114.12,22
84.7,-0.0229,-0.3052,9.9274,-0.0123,-0.0184,0.0087,-16.75,-28.75,12.31,0.0017,-0.0041,9.8066,52.59628299999999,-1.608857,147.72,0.0,6.0,114.12,22
84.8,0.0667,0.0157,9.8641,-0.0062,-0.0233,0.0182,-16.25,-28.25,12.5,-0.0053,-0.0015,9.8066,52.59628299999999,-1.608857,147.72,0.0,6.0,114.12,22
84.9,0.0206,-0.1323,9.9595,0.0056,-0.0282,0.0017,-16.31,-28.81,12.19,-0.0046,-0.0031,9.8065,52.59628299999999,-1.608857,147.72,0.0,6.0,114.12,22
84.999,-0.2409,0.1473,9.6828,0.0038,0.0224,-0.015,-16.19,-28.62,12.25,0.0037,-0.0017,9.8066,52.59628299999999,-1.608857,147.72,0.0,6.0,114.12,22
85.1,0.2051,-0.0559999999999999,10.0355,0.0209,0.0083,0.0035,-16.56,-28.87,12.19,0.0034,-0.0007,9.8066,52.59628299999999,-1.608857,147.72,0.0,6.0,114.12,22
85.2,-0.0185,0.0795,9.912,0.0009,0.0099,-0.0154,-16.06,-28.69,12.5,-0.0003,0.0006,9.8066,52.59628299999999,-1.608857,147.72,0.0,6.0,114.12,22
85.3,-0.0495,-0.0736,9.8594,-0.0175,0.0177,0.0204,-15.81,-28.69,12.38,-0.0022,0.0003,9.8066,52.59628299999999,-1.608857,147.72,0.0,6.0,114.12,22
85.4,-0.0508,-0.0178,9.8203,-0.004,-0.0069,-0.0006,-16.5,-28.87,12.31,0.0034,-0.0002,9.8066,52.59628299999999,-1.608857,147.72,0.0,6.0,114.12,22
85.5,0.1977,-0.035,9.9653,0.006,-0.0002,-0.0023,-16.69,-28.81,11.88,-0.0017,-0.0002,9.8066,52.59628299999999,-1.608857,147.72,0.0,6.0,114.12,22
85.6,-0.0524,0.0266,9.8347,0.0065,-0.0175,0.0161,-16.19,-28.87,12.06,-0.0004,-0.0017,9.8066,52.59628299999999,-1.608857,147.72,0.0,6.0,114.12,22
85.7,-0.1565,-0.1572,9.7598,-0.0065,-0.0177,-0.0013,-16.62,-29.37,11.88,-0.0012,-0.001,9.8066,52.59628299999999,-1.608857,147.72,0.0,6.0,114.12,22
85.799,0.2842,0.1064,9.9816,-0.0152,-0.0271,0.024,-16.19,-28.19,12.0,-0.0046,-0.0009,9.8066,52.59628299999999,-1.608857,147.72,0.0,6.0,114.12,22
85.9,0.0851,-0.2644,9.8274,0.0018,-0.0207,0.0043,-15.94,-28.56,11.88,-0.0001,-0.001,9.8066,52.59628299999999,-1.608857,147.72,0.0,6.0,114.12,22
86.0,0.0754,0.2403,9.874,0.0083,-0.0127,-0.0101,-16.37,-28.31,12.19,-0.0015,-0.0025,9.8066,52.59628299999999,-1.608857,147.72,0.0,6.0,114.12,21
86.1,0.0035,-0.2568,9.7926,-0.0111,-0.0169,0.0021,-16.69,-28.81,12.44,0.0008,-0.001,9.8066,52.59628299999999,-1.608857,147.72,0.0,6.0,114.12,21
86.2,-0.2289999999999999,-0.1412,9.8958,0.0113,0.0185,-0.0033,-16.62,-28.69,12.06,-0.0034,-0.0007,9.8066,52.59628299999999,-1.608857,147.72,0.0,6.0,114.12,21
86.3,0.026,-0.2523,9.9588,0.0118,-0.0315,0.0011,-16.62,-28.56,12.31,-0.0029,0.0023,9.8066,52.59628299999999,-1.608857,147.72,0.0,6.0,114.12,21
86.399,-0.2705,-0.0399,9.6727,-0.0088,-0.0045,0.0103,-16.44,-29.12,11.88,0.0018,0.0,9.8066,52.59628299999999,-1.608857,147.72,0.0,6.0,114.12,21
86.499,0.3752,0.1325,10.001,-0.0193,-0.0428,0.0245,-16.75,-28.81,12.06,0.0049,0.0029,9.8066,52.59628299999999,-1.608857,147.72,0.0,6.0,114.12,21
86.6,-0.0951,-0.0676,9.8843,-0.0006,-0.0279999999999999,0.0078,-16.37,-28.5,12.31,-0.0007,0.0014,9.8066,52.59628299999999,-1.608857,147.72,0.0,6.0,114.12,21
86.7,0.0022,0.0602,9.8584,0.0109,0.0013,0.0076,-16.56,-28.81,12.19,0.0,0.0032,9.8066,52.59628299999999,-1.608857,147.72,0.0,6.0,114.12,21
86.799,-0.0608,-0.235,9.8783,-0.004,-0.0194,0.0105,-16.25,-28.94,12.13,0.0018,0.0028,9.8066,52.59628299999999,-1.608857,147.72,0.0,6.0,114.12,21
86.9,-0.1581,0.0603,9.775,0.0132,-0.0115,-0.0055,-16.56,-28.87,11.94,-0.0028,0.001,9.8066,52.59628299999999,-1.608857,147.72,0.0,6.0,114.12,21
87.0,-0.053,0.0997,9.8499,0.0058,-0.004,0.0075,-16.12,-28.0,12.25,0.0009,0.001,9.8066,52.59628299999999,-1.608857,147.72,0.0,6.0,114.12,22
87.1,-0.0389,0.0909,9.8146,0.0086,0.017,-0.0154,-16.94,-28.62,12.25,-0.0036,-0.0016,9.8066,52.59628299999999,-1.608857,147.72,0.0,6.0,114.12,22
87.2,0.1604,0.0097,9.9061,0.0131,0.0191,-0.0152,-16.06,-28.81,12.31,-0.002,-0.0002,9.8066,52.59628299999999,-1.608857,147.72,0.0,6.0,114.12,22
87.3,-0.0693,-0.109,9.8543,-0.0001,0.0116,-0.0092,-16.0,-28.94,12.38,-0.0014,-0.0025,9.8066,52.59628299999999,-1.608857,147.72,0.0,6.0,114.12,22
87.4,0.1179,0.0894,9.911,-0.0184,0.0121,-0.0002,-16.25,-28.94,11.88,0.001,-0.0021,9.8066,52.59628299999999,-1.608857,147.72,0.0,6.0,114.12,22
87.5,-0.1987,-0.1108,9.8081,-0.018,-0.0025,0.0133,-17.0,-28.87,12.0,0.0034,0.0011,9.8066,52.59628299999999,-1.608857,147.72,0.0,6.0,114.12,22
87.6,-0.0635,-0.1335,9.8437,0.0093,0.0152,-0.0004,-16.87,-28.62,11.88,-0.002,-0.0017,9.8066,52.59628299999999,-1.608857,147.72,0.0,6.0,114.12,22
87.7,-0.109,-0.0009,9.8946,0.0057,-0.0391,-0.0085,-16.37,-29.0,12.38,0.0015,0.0012,9.8066,52.59628299999999,-1.608857,147.72,0.0,6.0,114.12,22
87.8,-0.1474,-0.147,9.7595,-0.0119,-0.0062,0.0128,-16.5,-29.06,12.63,0.0022,0.0016,9.8066,52.59628299999999,-1.608857,147.72,0.0,6.0,114.12,22
87.9,0.0921,0.0948,9.9221,-0.004,0.0015,0.0058,-16.5,-28.69,12.06,0.0011,-0.0003,9.8066,52.59628299999999,-1.608857,147.72,0.0,6.0,114.12,22
88.0,0.0876,-0.2422,9.9139,0.0005,-0.0317,0.0085,-17.0,-29.12,12.0,0.0026,0.0016,9.8066,52.59628299999999,-1.608857,147.72,0.0,6.0,114.12,21
88.1,0.2047,0.0809,9.9311,0.0134,0.0373,-0.0083,-15.81,-29.0,11.69,-0.0016,0.0014,9.8066,52.59628299999999,-1.608857,147.72,0.0,6.0,114.12,21
88.2,-0.1443,0.0405,9.8557,0.0124,-0.003,-0.0091,-16.44,-29.0,12.0,-0.0009,0.0013,9.8066,52.59628299999999,-1.608857,147.72,0.0,6.0,114.12,21
88.299,-0.0403,-0.291,9.8093,0.0044,0.0212,-0.0154,-16.44,-28.94,11.94,-0.0033,-0.0008,9.8066,52.59628299999999,-1.608857,147.72,0.0,6.0,114.12,21
88.4,-0.0617,0.0291,9.8695,-0.0156,0.0339,-0.0041,-15.69,-28.62,12.13,0.0024,-0.0013,9.8066,52.59628299999999,-1.608857,147.72,0.0,6.0,114.12,21
88.499,-0.1027,-0.3578,9.8453,0.0001,0.0109,-0.016,-16.69,-29.12,12.19,-0.0002,-0.0029,9.8066,52.59628299999999,-1.608857,147.72,0.0,6.0,114.12,21
88.6,-0.0944,0.1489,9.7933,-0.0012,0.027,-0.0155,-16.81,-29.12,12.13,-0.0021,-0.003,9.8066,52.59628299999999,-1.608857,147.72,0.0,6.0,114.12,21
88.7,0.1197,0.0247,9.8216,0.0032,-0.0119,-0.0058,-16.44,-29.0,12.25,-0.0012,-0.0013,9.8066,52.59628299999999,-1.608857,147.72,0.0,6.0,114.12,21
88.799,-0.205,0.1541,9.7189,-0.0106,0.0106,0.0022,-16.62,-29.06,12.38,0.0013,-0.0007,9.8066,52.59628299999999,-1.608857,147.72,0.0,6.0,114.12,21
88.9,0.1356,-0.0137,9.9495,-0.0197,-0.02,0.0211,-16.56,-28.56,11.94,0.0031,0.0008,9.8066,52.59628299999999,-1.608857,147.72,0.0,6.0,114.12,21
89.0,-0.2213,-0.0088,9.7824,-0.0042,-0.0177,-0.0098,-16.37,-28.37,12.75,0.0019,0.0004,9.8066,52.59628299999999,-1.608857,147.72,0.0,6.0,114.12,21
89.1,0.021,-0.0428,9.8341,0.0035,0.0095,0.005,-16.75,-28.31,12.0,0.0011,0.0024,9.8066,52.59628299999999,-1.608857,147.72,0.0,6.0,114.12,21
89.199,-0.025,0.0576,9.9087,0.0262,0.0046,-0.0148,-16.25,-29.31,12.31,-0.0036,0.0004,9.8066,52.59628299999999,-1.608857,147.72,0.0,6.0,114.12,21
89.299,-0.0881,-0.1796,9.751,0.0106,0.015,-0.0143,-16.12,-28.94,12.38,-0.004,-0.0009,9.8066,52.59628299999999,-1.608857,147.72,0.0,6.0,114.12,21
89.4,-0.1426,0.0489,9.7853,-0.0139999999999999,0.0234,0.0042,-16.31,-28.0,12.13,0.0006,0.0014,9.8066,52.59628299999999,-1.608857,147.72,0.0,6.0,114.12,21
89.5,0.0501,-0.2503,9.8669,-0.0103,-0.0064,-0.0065,-16.5,-28.75,12.56,0.0026,-0.0021,9.8066,52.59628299999999,-1.608857,147.72,0.0,6.0,114.12,21
89.6,0.1217,0.0042,9.9636,0.0082,-0.0059,0.003,-15.75,-29.19,12.75,-0.0005,-0.0001,9.8066,52.59628299999999,-1.608857,147.72,0.0,6.0,114.12,21
89.7,-0.1312,0.0145,9.8321,0.0098,-0.0006,-0.0015,-16.25,-28.75,11.88,-0.0002,0.0006,9.8065,52.59628299999999,-1.608857,147.72,0.0,6.0,114.12,21
89.8,-0.085,-0.1626,9.8018,-0.0066,-0.0222,0.0071,-16.06,-28.75,13.06,0.001,-0.0017,9.8066,52.59628299999999,-1.608857,147.72,0.0,6.0,114.12,21
89.9,-0.1192,-0.0469,9.8272,-0.0264,-0.021,0.0244,-16.75,-29.06,12.88,0.0056,0.0011,9.8066,52.59628299999999,-1.608857,147.72,0.0,6.0,114.12,21
89.999,-0.1849,-0.2126,9.8047,-0.0035,-0.0244,0.0132,-16.62,-27.94,12.44,0.0019,0.0017,9.8066,52.59628299999999,-1.608857,147.72,0.0,6.0,114.12,21
90.1,0.1496,0.0982,9.8001,0.0033,-0.0158,0.0047,-15.87,-28.31,12.19,0.0028,0.0016,9.8066,52.59628299999999,-1.608857,147.72,0.0,6.0,114.12,21
90.2,-0.3261,-0.2104,9.713,-0.0062,-0.019,0.0122,-16.31,-28.94,12.19,-0.0002,0.0016,9.8066,52.59628299999999,-1.608857,147.72,0.0,6.0,114.12,21
90.3,0.2627,0.1767,9.9527,0.0071,0.0311,-0.0108,-16.06,-28.62,12.56,-0.0006,-0.0004,9.8066,52.59628299999999,-1.608857,147.72,0.0,6.0,114.12,21
90.4,-0.1821,0.0868,9.7212,-0.0106,-0.0059,0.0048,-16.56,-28.94,11.81,0.0026,0.0021,9.8066,52.59628299999999,-1.608857,147.72,0.0,6.0,114.12,21
90.499,-0.0279999999999999,0.1704,9.7264,-0.0137,0.0381,-0.0152,-16.31,-28.56,11.75,-0.0007,-0.0032,9.8066,52.59628299999999,-1.608857,147.72,0.0,6.0,114.12,21
90.6,0.1489,0.1733,9.9581,0.0259,0.0282,-0.0145,-16.62,-29.31,12.44,-0.0055,0.0009,9.8066,52.59628299999999,-1.608857,147.72,0.0,6.0,114.12,21
90.7,-0.1488,-0.3801,9.773,0.0031,0.0181,-0.013,-16.69,-29.06,12.13,-0.0049,-0.0027,9.8066,52.59628299999999,-1.608857,147.72,0.0,6.0,114.12,21
90.8,0.0392,0.1934,9.8318,-0.0053,0.0384,-0.0143,-16.25,-29.25,12.31,-0.0013,0.0002,9.8066,52.59628299999999,-1.608857,147.72,0.0,6.0,114.12,21
90.9,-0.0308,-0.3158,9.7871,-0.0137,-0.0058,0.008,-16.5,-29.37,11.81,0.0022,-0.0007,9.8066,52.59628299999999,-1.608857,147.72,0.0,6.0,114.12,21
91.0,-0.1876,-0.0857,9.8661,0.0086,0.022,-0.0072,-16.75,-28.81,12.5,-0.0019,-0.0036,9.8066,52.59628299999999,-1.608857,147.72,0.0,6.0,114.12,22
91.1,0.0817,-0.2241,9.956,0.0171,-0.0023,0.0045,-16.25,-28.94,12.44,0.0029,0.002,9.8066,52.59628299999999,-1.608857,147.72,0.0,6.0,114.12,22
91.199,-0.2129,0.0099,9.6796,-0.0102,-0.0074,0.0028,-16.75,-28.56,11.44,-0.0004,-0.0016,9.8066,52.59628299999999,-1.608857,147.72,0.0,6.0,114.12,22
91.299,0.3283,0.0617,9.9937,-0.0128,-0.0234,0.0257,-16.56,-29.19,12.13,-0.006,0.0,9.8066,52.59628299999999,-1.608857,147.72,0.0,6.0,114.12,22
91.4,-0.1566,0.0634,9.8267,-0.0024,-0.0153,0.0042,-16.44,-28.94,12.63,-0.0025,-0.0018,9.8066,52.59628299999999,-1.608857,147.72,0.0,6.0,114.12,22
91.5,0.1163,0.0435,9.829,0.0081,-0.0128,-0.001,-16.5,-29.12,12.0,-0.001,-0.0008,9.8066,52.59628299999999,-1.608857,147.72,0.0,6.0,114.12,22
91.6,-0.0293,-0.0449,9.9088,-0.0068,-0.0192,0.0179,-16.06,-29.25,12.5,-0.0006,-0.0031,9.8066,52.59628299999999,-1.608857,147.72,0.0,6.0,114.12,22
91.7,0.1471,0.0054,9.971,0.0096,0.0224,-0.0058,-16.06,-28.5,12.06,-0.0007,-0.0013,9.8066,52.59628299999999,-1.608857,147.72,0.0,6.0,114.12,22
91.8,-0.01,0.0016,9.8181,-0.0039,0.0012,-0.0037,-16.31,-29.19,11.94,0.0007,0.0022,9.8066,52.59628299999999,-1.608857,147.72,0.0,6.0,114.12,22
91.9,-0.1259,-0.1479,9.759,-0.0005,0.033,-0.0104,-16.56,-28.81,12.0,-0.0004,-0.0012,9.8066,52.59628299999999,-1.608857,147.72,0.0,6.0,114.12,22
92.0,-0.23,-0.1223,9.8227,0.0114,0.0203,-0.0183,-16.56,-28.87,12.69,0.004,0.0025,9.8066,52.59628299999999,-1.608857,147.72,0.0,6.0,114.12,22
92.1,-0.0558,-0.1185,9.851,-0.0098,0.0146,-0.0106,-16.19,-28.87,12.13,0.0008,0.0021,9.8066,52.59628299999999,-1.608857,147.72,0.0,6.0,114.12,22
92.2,0.1669,0.0174,9.785,-0.0055,0.0359,-0.0119,-16.19,-28.5,12.56,0.0001,0.0025,9.8065,52.59628299999999,-1.608857,147.72,0.0,6.0,114.12,22
92.299,-0.3283,-0.1241,9.6981,-0.0094,-0.01,-0.0052,-16.0,-28.75,12.0,0.0041,0.0032,9.8066,52.59628299999999,-1.608857,147.72,0.0,6.0,114.12,22
92.4,0.1689999999999999,0.1869,9.81,0.0082,0.0133,-0.0145,-16.44,-28.37,12.13,-0.001,-0.0018,9.8066,52.59628299999999,-1.608857,147.72,0.0,6.0,114.12,22
92.499,0.0854,-0.0837,9.9615,-0.0024,0.0,0.0021,-16.87,-29.06,12.13,0.0014,0.0018,9.8066,52.59628299999999,-1.608857,147.72,0.0,6.0,114.12,22
92.6,-0.2418,-0.168,9.7661,0.0047,-0.0186,0.0052,-15.75,-29.37,11.88,-0.0006,-0.0026,9.8066,52.59628299999999,-1.608857,147.72,0.0,6.0,114.12,22
92.699,0.1788,-0.1471,9.8866,0.001,-0.0327,0.0057,-16.56,-28.44,12.31,-0.0007,-0.0003,9.8066,52.59628299999999,-1.608857,147.72,0.0,6.0,114.12,22
92.8,-0.3574,-0.1192,9.8441,-0.0081,-0.0201,0.0234,-16.31,-28.87,12.31,-0.0025,-0.0014,9.8066,52.59628299999999,-1.608857,147.72,0.0,6.0,114.12,22
92.9,0.1222,0.0754,9.8772,-0.0045,-0.0124,-0.0049,-16.44,-29.19,12.25,-0.0032,-0.0015,9.8066,52.59628299999999,-1.608857,147.72,0.0,6.0,114.12,22
92.999,-0.0207,-0.1854,9.8025,-0.0069,-0.0246,0.0152,-17.0,-28.81,12.38,-0.0027,-0.0002,9.8066,52.59628299999999,-1.608857,147.72,0.0,6.0,114.12,22
93.1,-0.0007,0.2269999999999999,9.9645,-0.0032,-0.0005,0.0036,-16.37,-28.81,12.38,-0.0032,-0.0034,9.8066,52.59628299999999,-1.608857,147.72,0.0,6.0,114.12,24
93.2,0.0963,-0.0425,9.769,-0.0112,-0.0142,0.0138,-16.25,-28.56,12.19,-0.0008,0.0,9.8066,52.59628299999999,-1.608857,147.72,0.0,6.0,114.12,24
93.3,0.1225,0.2602,9.9445,-0.0071,0.0041,-0.0054,-15.75,-29.0,12.13,-0.0069999999999999,-0.0037,9.8066,52.59628299999999,-1.608857,147.72,0.0,6.0,114.12,24
93.399,-0.2306,-0.1487,9.716,-0.0113,-0.0102,0.0217,-17.06,-28.56,12.31,-0.0012,0.0003,9.8066,52.59628299999999,-1.608857,147.72,0.0,6.0,114.12,24
93.5,0.0011,-0.1669,9.9103,0.0004,0.0248,-0.025,-16.25,-28.87,11.88,-0.0021,-0.0018,9.8066,52.59628299999999,-1.608857,147.72,0.0,6.0,114.12,24
93.6,0.0683,0.4267,9.8757,-0.0044,-0.0217,0.0069,-15.94,-28.69,12.44,0.0014,0.0027,9.8066,52.59628299999999,-1.608857,147.72,0.0,6.0,114.12,24
93.7,0.2743,0.1955,9.9059,-0.0013,0.0495,-0.0223,-16.12,-29.0,12.63,-0.0016,-0.0024,9.8066,52.59628299999999,-1.608857,147.72,0.0,6.0,114.12,24
93.799,-0.0406,-0.0323,9.8923,0.0007,-0.0185,-0.0037,-16.56,-28.87,11.44,0.0024,0.005,9.8066,52.59628299999999,-1.608857,147.72,0.0,6.0,114.12,24
93.9,-0.478,-0.1638,9.6972,0.0095,0.0523,-0.0297,-16.06,-29.12,12.31,0.0007,-0.0017,9.8066,52.59628299999999,-1.608857,147.72,0.0,6.0,114.12,24
94.0,0.0497,-0.125,9.9055,-0.0023,0.034,-0.0179,-16.19,-29.31,11.94,0.0039,0.0062,9.8066,52.59628299999999,-1.608857,147.72,0.0,6.0,114.12,23
94.099,-0.3429,-0.1667,9.7569,-0.0086,0.0404,-0.0182,-16.19,-28.5,12.06,0.0006,0.0025,9.8066,52.59628299999999,-1.608857,147.72,0.0,6.0,114.12,23
94.2,0.2683,0.1711,9.9601,0.0208,0.0451,-0.0333,-17.0,-29.0,12.25,0.005,0.0023,9.8066,52.59628299999999,-1.608857,147.72,0.0,6.0,114.12,23
94.299,-0.2757,-0.1904,9.8093,0.0011,0.0089,-0.0048,-16.25,-29.19,12.63,0.0049,0.0044,9.8066,52.59628299999999,-1.608857,147.72,0.0,6.0,114.12,23
94.399,0.2309,0.3866,9.838,0.0018,0.0755,-0.0282,-16.75,-29.06,12.06,0.0024,0.0006,9.8066,52.59628299999999,-1.608857,147.72,0.0,6.0,114.12,23
94.5,0.1371,-0.1454,9.9172,-0.004,-0.0346,0.0063,-16.62,-29.37,12.31,0.0048,0.0066,9.8066,52.59628299999999,-1.608857,147.72,0.0,6.0,114.12,23
94.6,0.2221,0.4288,9.82,0.0058,0.0404,-0.0181,-16.56,-28.62,11.88,-0.0038,-0.0041,9.8066,52.59628299999999,-1.608857,147.72,0.0,6.0,114.12,23
94.7,-0.037,-0.3243,9.8794,-0.0013,-0.0557,0.022,-16.81,-29.0,11.94,0.0035,0.0041,9.8065,52.59628299999999,-1.608857,147.72,0.0,6.0,114.12,23
94.8,-0.248,-0.293,9.8897,0.0064,0.0013,-0.0015,-16.25,-29.5,12.31,-0.002,-0.0059,9.8066,52.59628299999999,-1.608857,147.72,0.0,6.0,114.12,23
94.9,-0.2134,-0.3671,9.798,-0.0098,-0.0576,0.0416,-16.25,-28.31,12.13,0.0008,0.0014,9.8066,52.59628299999999,-1.608857,147.72,0.0,6.0,114.12,23
95.0,-0.3347,-0.2009,9.9108,0.0131,-0.0268,0.0209,-16.12,-29.12,11.75,-0.0027,-0.0075,9.8066,52.59628299999999,-1.608857,147.72,0.0,6.0,114.12,23
95.1,0.3272,0.4055,9.843,-0.0026,-0.0566,0.0171,-16.44,-28.87,12.06,0.0004,0.0008,9.8066,52.59628299999999,-1.608857,147.72,0.0,6.0,114.12,23
95.201,-0.1617,0.0978,9.7687,-0.0012,-0.0466,0.0349,-16.06,-28.94,12.13,-0.0041,-0.0069,9.8065,52.59628299999999,-1.608857,147.72,0.0,6.0,114.12,23
95.299,0.3644,0.2526,9.9714,-0.0045,-0.0428,0.0124,-16.31,-28.75,12.31,-0.0043,-0.0042,9.8066,52.59628299999999,-1.608857,147.72,0.0,6.0,114.12,23
95.4,-0.2245,-0.272,9.7883,-0.0086,-0.0683,0.0303,-16.37,-29.19,12.38,-0.0027,-0.0027,9.8066,52.59628299999999,-1.608857,147.72,0.0,6.0,114.12,23
95.499,0.2881,0.3067,9.8697,0.0061,0.0229,-0.008,-16.69,-29.31,12.13,-0.0045,-0.0064,9.8066,52.59628299999999,-1.608857,147.72,0.0,6.0,114.12,23
95.6,-0.2798,-0.3059,9.8654,0.0049,-0.0383,0.0196,-16.69,-28.25,12.38,0.0027,0.0017,9.8066,52.59628299999999,-1.608857,147.72,0.0,6.0,114.12,23
95.699,-0.1886,-0.2581,9.7497,0.0079,0.0475,-0.0367,-16.5,-28.12,11.94,-0.002,-0.0048,9.8066,52.59628299999999,-1.608857,147.72,0.0,6.0,114.12,23
95.8,-0.3913,-0.3074,9.8577,-0.0059,0.0208,0.0094,-16.87,-28.87,12.44,0.0033,0.0039,9.8066,52.59628299999999,-1.608857,147.72,0.0,6.0,114.12,23
95.9,-0.4018,-0.2512,9.8772,-0.0066,0.0365,-0.0303,-16.69,-29.56,12.63,-0.0006,-0.003,9.8066,52.59628299999999,-1.608857,147.72,0.0,6.0,114.12,23
96.0,-0.0185,-0.1475,9.9334,-0.0032,0.0226,-0.0218,-16.06,-29.12,12.44,0.0009,0.0045,9.8066,52.59628299999999,-1.608857,147.72,0.0,6.0,114.12,23
96.1,-0.0971,-0.2105,9.9128,-0.0002,0.0369,-0.0114,-16.37,-28.94,12.19,0.0024,0.003,9.8066,52.59628299999999,-1.608857,147.72,0.0,6.0,114.12,23
96.2,0.0301,0.2177,9.7414,-0.0045,0.0232,-0.0188,-16.06,-28.75,11.63,0.0,0.0026,9.8066,52.59628299999999,-1.608857,147.72,0.0,6.0,114.12,23
96.3,-0.0473,-0.1917,9.92,-0.0069999999999999,0.0191,0.0005,-16.75,-29.19,12.94,-0.0002,0.0026,9.8066,52.59628299999999,-1.608857,147.72,0.0,6.0,114.12,23
96.399,-0.1003,0.1631,9.7484,-0.0067,0.0213,-0.003,-16.62,-28.62,12.13,0.0002,0.0017,9.8066,52.59628299999999,-1.608857,147.72,0.0,6.0,114.12,23
96.5,0.0711,-0.0644,9.8502,0.0065,-0.013,-0.0093,-16.62,-29.0,12.25,0.0011,0.0036,9.8066,52.59628299999999,-1.608857,147.72,0.0,6.0,114.12,23
96.6,-0.0849,-0.002,9.7551,-0.0079,0.0132,-0.0023,-16.69,-28.5,12.38,0.0014,0.0002,9.8066,52.59628299999999,-1.608857,147.72,0.0,6.0,114.12,23
96.7,0.1175,-0.0928,10.0115,0.0169,0.0132,-0.0164,-16.81,-28.75,12.25,-0.003,0.0021,9.8066,52.59628299999999,-1.608857,147.72,0.0,6.0,114.12,23
96.8,-0.1253,0.1889,9.762,-0.017,-0.0077,-0.0014,-16.0,-28.87,12.63,-0.0007,0.002,9.8066,52.59628299999999,-1.608857,147.72,0.0,6.0,114.12,23
96.9,0.0397,-0.0294,9.8434,0.0005,0.039,-0.0016,-16.87,-28.94,12.5,-0.0005,-0.0006,9.8066,52.59628299999999,-1.608857,147.72,0.0,6.0,114.12,23
97.0,-0.1298,-0.0506,9.849,0.0086,0.0303,-0.0198,-16.12,-28.94,12.63,0.0039,0.0032,9.8065,52.59628299999999,-1.608857,147.72,0.0,6.0,114.12,22
97.1,-0.2279,-0.1711,9.8028,-0.0027,0.0171,0.0036,-16.5,-28.94,11.94,0.0016,0.0018,9.8066,52.59628299999999,-1.608857,147.72,0.0,6.0,114.12,22
97.2,0.0594,0.1354,9.8561,0.0013,0.0453,-0.0227,-16.75,-28.81,11.75,0.0028,0.0026,9.8066,52.59628299999999,-1.608857,147.72,0.0,6.0,114.12,22
97.3,-0.0638,-0.1389,9.8689,0.0095,-0.0103,-0.0037,-16.44,-28.62,11.88,0.0044,0.0044,9.8066,52.59628299999999,-1.608857,147.72,0.0,6.0,114.12,22
97.399,0.0707,0.1855,9.8321,-0.0104,0.0213,-0.0041,-16.44,-28.56,12.0,-0.0035,-0.0029,9.8066,52.59628299999999,-1.608857,147.72,0.0,6.0,114.12,22
97.5,-0.1121,0.0622,9.8311,-0.0001,-0.0234,0.0052,-16.5,-29.06,12.56,0.001,0.0031,9.8066,52.59628299999999,-1.608857,147.72,0.0,6.0,114.12,22
97.6,0.1994,0.2218,9.8675,-0.0047,-0.0039,0.0014,-16.25,-29.19,12.19,-0.0029,-0.0017,9.8066,52.59628299999999,-1.608857,147.72,0.0,6.0,114.12,22
97.7,-0.0577,0.1186,9.8262,-0.0149,-0.037,0.0277,-16.19,-29.0,12.56,-0.0032,0.0004,9.8066,52.59628299999999,-1.608857,147.72,0.0,6.0,114.12,22
97.8,-0.0421,-0.3935,9.8777,0.0043,-0.0101,0.0146,-16.56,-28.56,12.69,-0.0002,-0.0038,9.8066,52.59628299999999,-1.608857,147.72,0.0,6.0,114.12,22
97.9,-0.0281,0.1174,9.8306,0.0029,-0.0268,0.0173,-16.69,-28.75,12.25,-0.002,-0.0013,9.8066,52.59628299999999,-1.608857,147.72,0.0,6.0,114.12,22
98.0,-0.0743,-0.2782,9.799,-0.0062,-0.0288,0.0092,-16.06,-29.25,12.69,0.0014,-0.002,9.8066,52.59628299999999,-1.608857,147.72,0.0,6.0,114.12,22
98.1,-0.0795,-0.0032,9.8612,0.0062,0.0175,-0.0104,-16.37,-28.37,12.56,-0.0001,-0.0033,9.8066,52.59628299999999,-1.608857,147.72,0.0,6.0,114.12,22
98.2,-0.0292,-0.2255,9.8272,0.002,-0.0115,-0.0026,-16.19,-28.69,12.06,-0.0009,0.0018,9.8066,52.59628299999999,-1.608857,147.72,0.0,6.0,114.12,22
98.3,-0.1754,0.0466,9.769,0.0046,0.0404,-0.0188,-16.44,-28.87,12.06,0.001,-0.0009,9.8066,52.59628299999999,-1.608857,147.72,0.0,6.0,114.12,22
98.401,0.2693,0.1183,9.9723,0.0107,0.0235,-0.0143,-16.62,-28.56,11.88,0.0035,0.0022,9.8066,52.59628299999999,-1.608857,147.72,0.0,6.0,114.12,22
98.5,-0.1552,0.0484,9.7988,-0.0046,0.0198,-0.0163,-16.62,-29.0,12.19,0.0005,0.0006,9.8066,52.59628299999999,-1.608857,147.72,0.0,6.0,114.12,22
98.6,0.1842,0.1732,9.9418,0.0032,0.047,-0.0099,-16.5,-29.06,11.81,0.0031,0.0027,9.8066,52.59628299999999,-1.608857,147.72,0.0,6.0,114.12,22
98.7,-0.1661,-0.0351,9.7815,0.0061,-0.0166,-0.0017,-16.69,-28.75,11.63,0.0058,0.0035,9.8066,52.59628299999999,-1.608857,147.72,0.0,6.0,114.12,22
98.8,-0.1665,0.0293,9.833,0.0027,0.0334,-0.0068,-16.44,-28.69,12.44,-0.0004,-0.0018,9.8066,52.59628299999999,-1.608857,147.72,0.0,6.0,114.12,22
98.9,-0.0616,-0.391,9.8831,-0.0035,-0.0096,0.0148,-16.75,-29.0,11.88,0.0033,0.0039,9.8066,52.59628299999999,-1.608857,147.72,0.0,6.0,114.12,22
99.0,-0.1121,0.2122,9.7893,-0.0027,-0.0015,-0.0123,-16.25,-29.06,12.19,-0.0022,-0.0003,9.8066,52.59628299999999,-1.608857,147.72,0.0,6.0,114.12,22
99.1,0.3058,0.1866,9.8854,-0.0118,-0.0319,0.034,-16.12,-29.12,12.06,-0.002,-0.0004,9.8066,52.59628299999999,-1.608857,147.72,0.0,6.0,114.12,23
99.2,-0.1368,0.1242,9.7546,0.0032,-0.033,0.0101,-16.31,-29.12,12.31,-0.0013,-0.0049,9.8066,52.59628299999999,-1.608857,147.72,0.0,6.0,114.12,23
99.3,0.2055,0.2918,9.8836,0.0036,-0.0435,0.0069,-16.81,-28.87,12.19,-0.0037,-0.0017,9.8066,52.59628299999999,-1.608857,147.72,0.0,6.0,114.12,23
99.4,-0.1982,-0.2459,9.8402,-0.0121,-0.0335,0.0199,-16.31,-28.94,12.31,-0.0015,-0.0035,9.8066,52.59628299999999,-1.608857,147.72,0.0,6.0,114.12,23
99.5,-0.038,0.0911,9.8485,0.0008,-0.0048,-0.0012,-16.31,-28.5,11.88,-0.0009,-0.0022,9.8066,52.59628299999999,-1.608857,147.72,0.0,6.0,114.12,23
99.6,-0.154,0.0192,9.8594,0.0035,-0.0285,0.0081,-16.56,-29.06,12.5,-0.002,-0.0006,9.8066,52.59628299999999,-1.608857,147.72,0.0,6.0,114.12,23
99.699,0.1381,0.0986,9.8591,0.0097,0.0267,-0.0035,-16.94,-28.69,12.13,0.0008,-0.0027,9.8066,52.59628299999999,-1.608857,147.72,0.0,6.0,114.12,23
99.8,-0.1187,0.1051,9.8718,0.0107,0.0068,-0.0128,-16.37,-28.75,12.19,0.0049,0.0025,9.8066,52.59628299999999,-1.608857,147.72,0.0,6.0,114.12,23
99.899,-0.0841,-0.2296,9.8585,-0.0066,0.0377,-0.0177,-16.0,-28.94,12.38,0.0011,0.0011,9.8066,52.59628299999999,-1.608857,147.72,0.0,6.0,114.12,23
99.999,0.1773,0.0905,9.8072,0.0061,-0.0199,-0.0026,-16.31,-28.56,12.06,0.0021,0.0025,9.8066,52.59628299999999,-1.608857,147.72,0.0,6.0,114.12,22
100.1,-0.2804,-0.05,9.7412,-0.0155,-0.0157,0.0222,-16.25,-28.87,12.56,0.0045,0.0008,9.8066,52.59628299999999,-1.608857,147.72,0.0,6.0,114.12,22
100.2,0.3305,0.1197,9.9401,-0.0037,-0.0043,0.0003,-16.5,-29.31,13.31,0.0011,-0.0003,9.8066,52.59628299999999,-1.608857,147.72,0.0,6.0,114.12,22
100.3,-0.0978,0.0432,9.8803,-0.0006,-0.0321,0.0,-16.37,-28.81,11.56,0.0026,0.0025,9.8066,52.59628299999999,-1.608857,147.72,0.0,6.0,114.12,22
100.4,0.2979,0.1531,9.9094,0.0032,0.0469,-0.0162,-16.06,-28.56,12.0,-0.0023,-0.0009,9.8066,52.59628299999999,-1.608857,147.72,0.0,6.0,114.12,22
100.5,-0.1869,0.0529,9.8014,-0.0002,-0.0018,-0.0011,-16.62,-28.44,11.69,0.0001,-0.0004,9.8066,52.59628299999999,-1.608857,147.72,0.0,6.0,114.12,22
100.6,-0.0928,-0.3537,9.8837,-0.0117,0.0409999999999999,-0.0237,-16.87,-28.37,11.69,-0.0017,-0.0041,9.8066,52.59628299999999,-1.608857,147.72,0.0,6.0,114.12,22
100.7,-0.0618,0.0158,9.8625,0.0002,0.0458,-0.009,-16.62,-28.56,12.88,-0.0013,-0.0006,9.8066,52.59628299999999,-1.608857,147.72,0.0,6.0,114.12,22
100.8,-0.1162,-0.3289,9.8135,0.0,0.0185,-0.0135,-16.56,-28.94,12.13,-0.0006,-0.0036,9.8066,52.59628299999999,-1.608857,147.72,0.0,6.0,114.12,22
100.9,0.0494,0.2532,9.8247,-0.0052,0.0313,-0.0225,-16.62,-29.06,11.94,-0.0012,-0.0053,9.8066,52.59628299999999,-1.608857,147.72,0.0,6.0,114.12,22
101.0,-0.1102,-0.0768,9.9232,-0.009,0.012,0.003,-16.31,-29.94,12.5,-0.0001,-0.002,9.8066,52.59628299999999,-1.608857,147.72,0.0,6.0,114.12,21
101.1,0.0597,0.1574,9.8047,-0.0006,0.0133,-0.0144,-16.75,-28.94,12.19,0.0,-0.0023,9.8066,52.59628299999999,-1.608857,147.72,0.0,6.0,114.12,21
101.2,-0.0691,-0.0207,9.8898,-0.0088,-0.0108,0.005,-16.62,-28.94,12.38,-0.0006,-0.0012,9.8066,52.59628299999999,-1.608857,147.72,0.0,6.0,114.12,21
101.3,0.0285,-0.1889999999999999,9.8691,-0.0075,-0.002,0.0062,-16.06,-28.81,11.94,0.0021,0.0015,9.8066,52.59628299999999,-1.608857,147.72,0.0,6.0,114.12,21
101.4,-0.0597,0.0655,9.8832,-0.0007,-0.0087,-0.0001,-16.5,-29.19,12.06,0.0011,-0.0002,9.8066,52.59628299999999,-1.608857,147.72,0.0,6.0,114.12,21
101.5,0.0178,-0.2423,9.8016,-0.0113,-0.0088,0.0138,-16.69,-28.37,12.44,0.0022,0.0007,9.8066,52.59628299999999,-1.608857,147.72,0.0,6.0,114.12,21
101.6,-0.1456,0.0192,9.8283,0.0042,0.0101,-0.0065,-16.25,-28.69,12.25,-0.0002,0.0007,9.8066,52.59628299999999,-1.608857,147.72,0.0,6.0,114.12,21
101.7,0.0543,-0.221,9.8355,0.0,-0.0174,-0.0045,-16.25,-29.0,11.63,0.0014,0.0,9.8066,52.59628299999999,-1.608857,147.72,0.0,6.0,114.12,21
101.8,-0.153,-0.0161,9.7996,-0.0055,0.0427,-0.0023,-16.5,-29.06,12.31,-0.0027,-0.0009,9.8066,52.59628299999999,-1.608857,147.72,0.0,6.0,114.12,21
101.9,0.133,0.1366,9.862,0.0051,0.009,-0.0076,-16.56,-28.69,11.88,-0.0009,0.0002,9.8066,52.59628299999999,-1.608857,147.72,0.0,6.0,114.12,21
102.0,-0.2702,-0.0051,9.7692,-0.0103,0.0138,0.0013,-16.37,-28.94,13.0,-0.0005,-0.001,9.8066,52.59628299999999,-1.608857,147.72,0.0,6.0,114.12,22
102.1,0.1777,0.1981,9.8874,0.0005,0.0458,-0.0222,-16.94,-28.62,12.25,-0.0046,-0.0016,9.8066,52.59628299999999,-1.608857,147.72,0.0,6.0,114.12,22
102.2,-0.0452,-0.1126,9.8522,0.0008,-0.0112,-0.0025,-16.5,-28.87,12.44,-0.0019,-0.0007,9.8066,52.59628299999999,-1.608857,147.72,0.0,6.0,114.12,22
102.299,0.2406,0.1922,9.8609,-0.0051,0.0212,-0.0143,-16.12,-28.44,12.63,-0.0016,-0.0024,9.8066,52.59628299999999,-1.608857,147.72,0.0,6.0,114.12,22
102.4,-0.1664,-0.0599,9.8511,0.0003,-0.0146,0.0087,-16.56,-29.25,11.63,0.0011,0.0001,9.8066,52.59628299999999,-1.608857,147.72,0.0,6.0,114.12,22
102.5,-0.0497,-0.2224,9.8779,0.0058,-0.0087,-0.0101,-16.56,-29.25,11.94,-0.0014,-0.0017,9.8066,52.59628299999999,-1.608857,147.72,0.0,6.0,114.12,22
102.6,-0.1747,-0.0286,9.8084,-0.0166,-0.032,0.0135,-15.69,-28.81,12.69,0.0035,0.0015,9.8066,52.59628299999999,-1.608857,147.72,0.0,6.0,114.12,22
102.699,-0.1355,-0.183,9.8125,-0.0041,-0.015,0.0154,-16.19,-28.81,11.94,0.0019,0.0009,9.8066,52.59628299999999,-1.608857,147.72,0.0,6.0,114.12,22
102.8,0.3756,0.098,9.9007,-0.0076,-0.026,0.0011,-16.12,-28.56,12.31,0.0029,0.0025,9.8066,52.59628299999999,-1.608857,147.72,0.0,6.0,114.12,22
102.899,-0.2481,-0.1646,9.8241,-0.0042,-0.0291,0.0315,-16.19,-28.81,12.19,0.0024,0.0035,9.8066,52.59628299999999,-1.608857,147.72,0.0,6.0,114.12,22
103.0,0.2355,0.1503,9.8717,0.0032,0.0121,-0.0107,-16.75,-29.19,12.06,-0.0007,0.0003,9.8066,52.59628299999999,-1.608857,147.72,0.0,6.0,114.12,22
103.1,-0.1023,-0.0869,9.896,0.0175,-0.0178,0.0062,-16.37,-29.44,12.81,-0.001,0.0028,9.8066,52.59628299999999,-1.608857,147.72,0.0,6.0,114.12,22
103.2,-0.1881,-0.177,9.816,-0.0008,0.0339,-0.0228,-16.44,-29.25,12.25,-0.0047,-0.0026,9.8066,52.59628299999999,-1.608857,147.72,0.0,6.0,114.12,22
103.299,-0.1785,-0.0243,9.8794,0.0026,0.0094,0.0049,-16.5,-28.44,11.44,0.0021,0.0026,9.8066,52.59628299999999,-1.608857,147.72,0.0,6.0,114.12,22
103.4,-0.1095,-0.1606,9.7576,-0.0169,0.0419,-0.0121,-16.62,-28.81,12.06,0.0005,-0.0007,9.8066,52.59628299999999,-1.608857,147.72,0.0,6.0,114.12,22
103.5,0.098,0.1166,9.8726,0.0014,0.0414,-0.0068,-16.31,-28.87,12.0,-0.0029,-0.0018,9.8066,52.59628299999999,-1.608857,147.72,0.0,6.0,114.12,22
103.599,-0.1198,-0.1949,9.7892,0.0002,-0.0103,0.0049,-16.31,-29.19,12.38,-0.0006,0.0007,9.8066,52.59628299999999,-1.608857,147.72,0.0,6.0,114.12,22
103.699,0.266,0.1214,9.9162,-0.0067,0.017,-0.0125,-16.44,-28.75,12.69,-0.0021,-0.0038,9.8066,52.59628299999999,-1.608857,147.72,0.0,6.0,114.12,22
103.799,-0.0547,-0.0711,9.8572,-0.0068,-0.0206,0.0129,-16.25,-29.12,12.25,0.0025,0.0007,9.8066,52.59628299999999,-1.608857,147.72,0.0,6.0,114.12,22
103.9,-0.2301,-0.1229,9.8013,0.0025,-0.0019,-0.0028,-16.56,-28.56,12.69,-0.0025,-0.0013,9.8066,52.59628299999999,-1.608857,147.72,0.0,6.0,114.12,22
104.0,-0.0747,-0.1039,9.8489,-0.0066,-0.0289,0.0207,-16.75,-28.81,12.38,0.0041,0.003,9.8066,52.59628299999999,-1.608857,147.72,0.0,6.0,114.12,23
104.1,-0.2973,-0.1463,9.7614,-0.0097,-0.0185,0.0192,-16.12,-28.81,12.25,0.0023,0.0009,9.8066,52.59628299999999,-1.608857,147.72,0.0,6.0,114.12,23
104.199,0.284,0.0954,9.8832,-0.0066,-0.0271,0.0039,-16.31,-28.87,12.44,0.0044,0.0023,9.8066,52.59628299999999,-1.608857,147.72,0.0,6.0,114.12,23
104.3,-0.0925,-0.1349,9.8679,0.0004,-0.0278,0.0215,-16.25,-28.94,11.94,0.0017,0.0032,9.8066,52.59628299999999,-1.608857,147.72,0.0,6.0,114.12,23
104.4,0.2644,0.0893,9.8326,0.0177,0.0168,-0.0062,-16.12,-29.12,12.44,-0.0024,0.0007,9.8066,52.59628299999999,-1.608857,147.72,0.0,6.0,114.12,23
104.5,-0.0207,0.0842,9.8747,0.0038,-0.037,0.0006,-16.56,-28.69,12.44,0.0018,0.0024,9.8066,52.59628299999999,-1.608857,147.72,0.0,6.0,114.12,23
104.6,0.2005,0.2279,9.8606,-0.0187,0.0633,-0.0045,-16.56,-29.0,11.94,0.0005,-0.0007,9.8066,52.59628299999999,-1.608857,147.72,0.0,6.0,114.12,23
104.7,-0.0243,0.0113,9.8211,0.0084,-0.0011,-0.0128,-16.31,-28.44,12.19,-0.0012,0.0004,9.8066,52.59628299999999,-1.608857,147.72,0.0,6.0,114.12,23
104.8,0.0277,-0.3214,9.8488,-0.008,0.0189,-0.0148,-16.81,-28.5,11.75,-0.0003,-0.0026,9.8066,52.59628299999999,-1.608857,147.72,0.0,6.0,114.12,23
104.9,-0.1599,0.0863,9.8532,-0.0025,0.0409,-0.0035,-16.31,-28.56,12.25,-0.0011,0.0004,9.8066,52.59628299999999,-1.608857,147.72,0.0,6.0,114.12,23
105.0,0.1063,-0.3171,9.8964,0.0008,-0.0084,-0.0145,-15.75,-29.12,12.13,-0.0006,-0.001,9.8066,52.59628299999999,-1.608857,147.72,0.0,6.0,114.12,23
105.1,-0.2191,0.0532,9.7691,-0.0097,0.0168,-0.0053,-16.56,-28.69,12.5,-0.0003,-0.0015,9.8066,52.59628299999999,-1.608857,147.72,0.0,6.0,114.12,23
105.2,-0.0874,-0.2614,9.8457,-0.009,-0.0182,0.0083,-16.87,-28.81,12.63,0.0023,-0.0009,9.8066,52.59628299999999,-1.608857,147.72,0.0,6.0,114.12,23
105.3,-0.0541,0.0385,9.7793,0.0067,0.0019,-0.0095,-15.87,-29.06,13.0,-0.0021,-0.0012,9.8066,52.59628299999999,-1.608857,147.72,0.0,6.0,114.12,23
105.4,0.2194,0.118,9.9052,-0.0072,-0.0189,0.0266,-16.94,-29.0,12.63,0.002,0.0035,9.8066,52.59628299999999,-1.608857,147.72,0.0,6.0,114.12,23
105.499,-0.1626,0.0486,9.7837,-0.0056,-0.0086,0.0109,-16.5,-28.75,12.69,-0.0004,-0.0008,9.8066,52.59628299999999,-1.608857,147.72,0.0,6.0,114.12,23
105.599,0.186,0.0995,9.8093,-0.0008,-0.0069999999999999,0.0121,-16.69,-29.19,12.06,0.0021,0.003,9.8066,52.59628299999999,-1.608857,147.72,0.0,6.0,114.12,23
105.7,0.0425,-0.2012,9.8836,-0.0073,-0.0135,0.0123,-16.69,-28.94,12.0,0.0023,0.002,9.8066,52.59628299999999,-1.608857,147.72,0.0,6.0,114.12,23
105.8,-0.2052,0.0252,9.7794,0.008,0.0167,-0.0112,-16.25,-29.12,12.5,-0.0029,0.0003,9.8066,52.59628299999999,-1.608857,147.72,0.0,6.0,114.12,23
105.899,0.0401,-0.2238,9.8364,0.0044,-0.0098,-0.0025,-16.06,-28.69,12.0,0.0003,0.0026,9.8066,52.59628299999999,-1.608857,147.72,0.0,6.0,114.12,23
105.999,-0.1372,0.0078,9.7818,-0.004,0.0314,-0.0177,-16.87,-29.12,12.75,-0.0024,-0.0019,9.8065,52.59628299999999,-1.608857,147.72,0.0,6.0,114.12,23
106.1,0.1996,0.1017,9.9238,0.0105,0.0209,-0.0093,-16.56,-29.25,12.25,-0.0015,0.0003,9.8066,52.59628299999999,-1.608857,147.72,0.0,6.0,114.12,23
106.2,-0.2023,0.0181,9.7636,-0.0084,0.0186,-0.0126,-16.0,-29.0,11.94,-0.0013,-0.0023,9.8066,52.59628299999999,-1.608857,147.72,0.0,6.0,114.12,23
106.3,0.1861,0.1487,9.9196,0.0038,0.0433,-0.0139999999999999,-16.12,-29.5,12.38,-0.0049,0.0,9.8066,52.59628299999999,-1.608857,147.72,0.0,6.0,114.12,23
106.4,-0.0041,-0.2006,9.8666,0.0001,-0.0144,-0.0105,-16.5,-28.81,12.38,-0.0013,-0.0008,9.8066,52.59628299999999,-1.608857,147.72,0.0,6.0,114.12,23
106.499,0.176,0.2141,9.8479,0.0046,0.0202,-0.0126,-16.56,-28.69,12.06,-0.0034,-0.0028,9.8066,52.59628299999999,-1.608857,147.72,0.0,6.0,114.12,23
106.6,-0.0019,-0.2441,9.8685,-0.0016,-0.0169,0.0105,-16.37,-28.81,12.81,0.0003,0.0019,9.8066,52.59628299999999,-1.608857,147.72,0.0,6.0,114.12,23
106.7,-0.1181,-0.1449,9.8599,0.0029,-0.0076,-0.0115,-16.56,-29.0,12.5,-0.0002,-0.0016,9.8066,52.59628299999999,-1.608857,147.72,0.0,6.0,114.12,23
106.8,-0.0084,-0.201,9.817,-0.0173,-0.0054,0.0232,-16.75,-28.94,11.75,0.0024,0.0009,9.8066,52.59628299999999,-1.608857,147.72,0.0,6.0,114.12,23
106.899,-0.1944,-0.0999,9.8367,0.0037,-0.006,0.016,-16.56,-29.06,11.94,0.0018,0.0019,9.8066,52.59628299999999,-1.608857,147.72,0.0,6.0,114.12,23
106.999,0.303,0.1119999999999999,9.8923,-0.0052,-0.0462,0.0006,-16.69,-29.44,12.0,0.0021,0.002,9.8066,52.59628299999999,-1.608857,147.72,0.0,6.0,114.12,23
107.1,-0.2195,0.0149,9.7726,0.0027,-0.019,0.0328,-16.56,-28.5,12.25,0.0038,0.0043,9.8066,52.59628299999999,-1.608857,147.72,0.0,6.0,114.12,23
107.2,0.3489,0.1321,9.9599,-0.0032,-0.0323,-0.0081,-16.44,-28.75,12.5,0.0021,0.0006,9.8066,52.59628299999999,-1.608857,147.72,0.0,6.0,114.12,23
107.3,-0.1468,-0.1839,9.8691,0.0004,-0.0436,0.0308,-16.5,-28.87,12.88,0.0034,0.0053,9.8066,52.59628299999999,-1.608857,147.72,0.0,6.0,114.12,23
107.4,0.1847,0.2279,9.8578,0.0028,0.0131,-0.0054,-16.25,-29.37,12.13,0.0009,0.0011,9.8066,52.59628299999999,-1.608857,147.72,0.0,6.0,114.12,23
107.5,-0.1297,-0.2325,9.8507,0.0022,-0.0147,0.015,-16.56,-28.94,12.25,0.0017,0.0026,9.8066,52.59628299999999,-1.608857,147.72,0.0,6.0,114.12,23
107.6,-0.017,0.0505,9.8457,-0.0046,0.0369,-0.0249,-16.56,-28.62,12.44,-0.0034,-0.0026,9.8066,52.59628299999999,-1.608857,147.72,0.0,6.0,114.12,23
107.699,0.2361,0.1668,9.8934,-0.002,-0.0451,0.01,-16.25,-28.81,12.13,0.0012,0.002,9.8066,52.59628299999999,-1.608857,147.72,0.0,6.0,114.12,23
107.8,-0.1364,0.1023,9.7669,-0.0032,-0.0342,0.0289999999999999,-16.37,-28.75,12.25,-0.0036,-0.0054,9.8066,52.59628299999999,-1.608857,147.72,0.0,6.0,114.12,23
107.899,0.3574,0.1189,9.9883,-0.0049,-0.0285,0.0016,-16.12,-28.94,12.19,-0.0026,-0.0009,9.8066,52.59628299999999,-1.608857,147.72,0.0,6.0,114.12,23
107.999,-0.1564,-0.369,9.8663,-0.0031,-0.0526,0.0245,-15.75,-28.94,12.38,-0.0018,-0.0016,9.8066,52.59628299999999,-1.608857,147.72,0.0,6.0,114.12,23
108.099,-0.0268,0.1936,9.7434,0.0083,-0.0016,0.0109,-16.0,-28.81,12.69,-0.0017,-0.0038,9.8066,52.59628299999999,-1.608857,147.72,0.0,6.0,114.12,22
108.2,-0.1193,-0.312,9.828,0.0116,-0.0287,0.0058,-16.62,-28.44,12.25,0.0033,0.0006,9.8066,52.59628299999999,-1.608857,147.72,0.0,6.0,114.12,22
108.3,-0.0496,0.0908,9.7684,-0.0048,0.0245,-0.0055,-16.19,-28.75,12.31,-0.002,-0.0034,9.8066,52.59628299999999,-1.608857,147.72,0.0,6.0,114.12,22
108.4,0.2403,0.0255,9.9037,-0.0006,0.0173,-0.0008,-16.56,-28.94,12.0,0.002,0.0026,9.8066,52.59628299999999,-1.608857,147.72,0.0,6.0,114.12,22
108.5,-0.0745,0.0489,9.7608,0.0013,0.0092,-0.0217,-16.87,-28.5,11.44,0.0025,0.0017,9.8066,52.59628299999999,-1.608857,147.72,0.0,6.0,114.12,22
108.6,0.2293,0.033,9.9263,-0.0023,0.0164,-0.0151,-16.69,-28.5,12.38,0.0004,0.0019,9.8066,52.59628299999999,-1.608857,147.72,0.0,6.0,114.12,22
108.699,-0.209,-0.0999,9.8344,0.0067,0.0175,-0.0031,-16.81,-28.56,12.5,0.0013,0.0006,9.8066,52.59628299999999,-1.608857,147.72,0.0,6.0,114.12,22
108.8,0.0361,0.0373,9.7911,-0.0023,0.0084,-0.0087,-16.69,-28.75,12.06,-0.0013,0.001,9.8066,52.59628299999999,-1.608857,147.72,0.0,6.0,114.12,22
108.9,-0.0757,0.023,9.9435,-0.0172,-0.0139999999999999,0.0035,-16.81,-29.25,12.56,-0.0026,0.0014,9.8065,52.59628299999999,-1.608857,147.72,0.0,6.0,114.12,22
109.0,-0.0126,-0.1911,9.8236,-0.0053,-0.002,0.0134,-16.37,-29.06,12.31,-0.0038,0.0002,9.8066,52.59628299999999,-1.608857,147.72,0.0,6.0,114.12,22
109.1,0.0036,0.1099,9.9244,0.0077,-0.0075,-0.0152,-16.19,-29.0,12.44,-0.0005,0.0007,9.8066,52.59628299999999,-1.608857,147.72,0.0,6.0,114.12,22
109.2,-0.0838,-0.2583,9.8362,-0.0107,-0.0156,0.0256,-16.31,-29.0,11.75,0.0011,-0.0002,9.8066,52.59628299999999,-1.608857,147.72,0.0,6.0,114.12,22
109.3,-0.2092,-0.0466,9.8044,0.008,0.0266,-0.0159,-15.87,-28.94,12.19,0.0002,-0.0016,9.8066,52.59628299999999,-1.608857,147.72,0.0,6.0,114.12,22
109.4,-0.0022,-0.3231,9.924,-0.0057,-0.0041,0.0098,-16.62,-28.81,12.19,0.0003,0.0032,9.8066,52.59628299999999,-1.608857,147.72,0.0,6.0,114.12,22
109.5,-0.1373,-0.0351,9.7779,-0.0091,0.0302,-0.005,-16.37,-28.87,12.38,-0.001,-0.0011,9.8065,52.59628299999999,-1.608857,147.72,0.0,6.0,114.12,22
109.6,0.2925,0.1384,9.863,0.0039,0.0255,-0.0157,-16.37,-29.19,12.38,0.0014,0.003,9.8066,52.59628299999999,-1.608857,147.72,0.0,6.0,114.12,22
109.699,-0.2467,-0.0672,9.8067,-0.0011,0.0198,0.0044,-15.87,-28.56,12.19,0.0005,-0.0003,9.8066,52.59628299999999,-1.608857,147.72,0.0,6.0,114.12,22
109.8,0.0502,0.175,9.8219,-0.0055,0.0229,-0.0312,-16.06,-29.19,12.5,0.002,0.0023,9.8066,52.59628299999999,-1.608857,147.72,0.0,6.0,114.12,22
109.9,-0.123,-0.0786,9.8796,-0.0038,0.0022,0.0003,-16.62,-29.12,12.19,0.0018,0.0024,9.8065,52.59628299999999,-1.608857,147.72,0.0,6.0,114.12,22
110.0,-0.2318,-0.0397,9.7847,-0.0057,0.0195,-0.0051,-16.37,-29.06,12.44,-0.004,-0.0009,9.8066,52.59628299999999,-1.608857,147.72,0.0,6.0,114.12,23
110.1,-0.0922,-0.1906,9.8067,-0.0092,-0.0378,0.0061,-16.44,-29.37,12.44,0.0034,0.0037,9.8066,52.59628299999999,-1.608857,147.72,0.0,6.0,114.12,23
110.2,-0.1027,-0.0833,9.7801,0.0032,-0.0094,0.0069,-16.37,-28.62,12.19,-0.0031,-0.0033,9.8066,52.59628299999999,-1.608857,147.72,0.0,6.0,114.12,23
110.3,0.3508,0.0519,9.9433,-0.0147,-0.0345,0.0123,-16.0,-28.5,11.75,-0.0011,-0.0001,9.8066,52.59628299999999,-1.608857,147.72,0.0,6.0,114.12,23
110.399,-0.1382,-0.0306,9.8449,0.0058,-0.0254,0.0186,-16.31,-29.19,12.44,-0.0021,-0.0038,9.8066,52.59628299999999,-1.608857,147.72,0.0,6.0,114.12,23
110.5,0.203,0.0827,9.8111,0.0058,-0.0181,-0.0082,-16.19,-29.31,12.44,0.0006,-0.0015,9.8066,52.59628299999999,-1.608857,147.72,0.0,6.0,114.12,23
110.6,-0.0493,-0.0664,9.9307,-0.0007,-0.0123,0.0221,-16.5,-28.69,12.0,0.0021,-0.0012,9.8066,52.59628299999999,-1.608857,147.72,0.0,6.0,114.12,23
110.7,0.2466,0.1112,9.9196,0.0096,0.0097,-0.0139999999999999,-16.87,-29.19,11.63,-0.0022,-0.0032,9.8066,52.59628299999999,-1.608857,147.72,0.0,6.0,114.12,23
110.799,-0.0184,-0.1598,9.9275,0.0072,-0.0186,0.0039,-16.31,-28.62,12.19,0.0016,0.0003,9.8066,52.59628299999999,-1.608857,147.72,0.0,6.0,114.12,23
110.9,-0.2104,-0.1249,9.7873,0.0033,0.0435,-0.0166,-16.44,-28.62,11.88,0.0007,-0.0008,9.8066,52.59628299999999,-1.608857,147.72,0.0,6.0,114.12,23
110.999,-0.1125,-0.1649,9.7937,0.0165,0.0019,-0.0067,-16.44,-28.75,12.31,0.0051,0.0012,9.8066,52.59628299999999,-1.608857,147.72,0.0,6.0,114.12,21
111.099,-0.2453,-0.1044,9.8264,-0.0017,0.0289999999999999,-0.0222,-16.31,-29.06,11.81,0.0009,0.0003,9.8066,52.59628299999999,-1.608857,147.72,0.0,6.0,114.12,21
111.2,0.1971,0.0937,9.8518,-0.0018,0.0389,-0.0031,-16.62,-29.12,12.81,0.0014,0.0018,9.8066,52.59628299999999,-1.608857,147.72,0.0,6.0,114.12,21
111.3,-0.2669,-0.0842,9.7563,-0.009,-0.0035,-0.0094,-16.75,-28.75,12.25,0.0029,0.0035,9.8066,52.59628299999999,-1.608857,147.72,0.0,6.0,114.12,21
111.4,0.3382,0.1115,9.9133,0.003,0.0344,-0.0259,-17.19,-29.37,12.5,-0.0007,0.0007,9.8066,52.59628299999999,-1.608857,147.72,0.0,6.0,114.12,21
111.5,-0.0297,0.0495,9.8736,-0.0068,-0.0032,0.0126,-16.5,-29.06,12.5,0.001,0.0038,9.8066,52.59628299999999,-1.608857,147.72,0.0,6.0,114.12,21
111.6,0.3171,0.2054,9.9203,-0.0049,0.0099,-0.0103,-16.56,-28.75,12.63,-0.0024,-0.0012,9.8066,52.59628299999999,-1.608857,147.72,0.0,6.0,114.12,21
111.7,-0.1652,-0.0241,9.8026,-0.002,-0.0322,0.0209,-16.37,-28.12,12.56,0.0015,0.0033,9.8066,52.59628299999999,-1.608857,147.72,0.0,6.0,114.12,21
111.799,-0.2468,-0.0545,9.8424,0.0008,-0.0029,0.015,-16.44,-28.94,12.38,-0.0019,-0.0041,9.8066,52.59628299999999,-1.608857,147.72,0.0,6.0,114.12,21
111.9,0.2278,0.2132,9.8662,0.0008,-0.0625,0.013,-16.75,-28.87,12.44,0.0002,0.0001,9.8066,52.59628299999999,-1.608857,147.72,0.0,6.0,114.12,21
112.001,-0.0592,-0.4101,9.8633,-0.0028,-0.0234,0.0202,-16.44,-28.62,12.25,-0.0017,-0.005,9.8066,52.59628299999999,-1.608857,147.72,0.0,6.0,114.12,23
112.1,0.03,0.0928,9.8772,-0.001,-0.0276,0.0106,-16.44,-28.69,12.69,-0.0035,-0.0031,9.8066,52.59628299999999,-1.608857,147.72,0.0,6.0,114.12,23
112.2,-0.0661,-0.363,9.8492,-0.0033,-0.0569,0.0136,-16.37,-28.5,12.25,-0.0017,-0.002,9.8066,52.59628299999999,-1.608857,147.72,0.0,6.0,114.12,23
112.3,-0.126,0.0356,9.7801,0.0013,0.0286,-0.0085,-16.62,-28.56,11.81,-0.0029,-0.0034,9.8066,52.59628299999999,-1.608857,147.72,0.0,6.0,114.12,23
112.4,-0.1351,-0.3702,9.909,-0.0021,-0.0233,0.0225,-16.69,-29.62,12.31,-0.0008,0.0007,9.8066,52.59628299999999,-1.608857,147.72,0.0,6.0,114.12,23
112.5,-0.1659,0.1008,9.7609,-0.0055,0.0242,-0.0131,-16.19,-29.12,12.38,0.0005,-0.0032,9.8066,52.59628299999999,-1.608857,147.72,0.0,6.0,114.12,23
112.6,0.2213,0.1106,9.8799,0.0054,0.0191,0.0036,-15.94,-28.75,12.69,0.002,0.0015,9.8066,52.59628299999999,-1.608857,147.72,0.0,6.0,114.12,23
112.7,-0.0479,0.0731,9.7966,-0.0017,0.0224,-0.0212,-16.37,-29.06,12.13,0.0027,-0.001,9.8066,52.59628299999999,-1.608857,147.72,0.0,6.0,114.12,23
112.799,0.1158,-0.0641,9.9055,-0.0007,0.0163,-0.0134,-16.31,-28.81,12.56,0.0003,0.002,9.8066,52.59628299999999,-1.608857,147.72,0.0,6.0,114.12,23
112.899,-0.0542,-0.1623,9.8991,-0.0005,0.0083,-0.0062,-16.06,-29.19,11.88,0.002,0.0021,9.8066,52.59628299999999,-1.608857,147.72,0.0,6.0,114.12,23
113.0,-0.1087,-0.0942,9.7607,0.0069,-0.0049,-0.0038,-16.12,-29.06,12.63,-0.0005,0.0001,9.8066,52.59628299999999,-1.608857,147.72,0.0,6.0,114.12,22
113.1,-0.2134,-0.1351,9.8451,-0.009,-0.0087,0.0134,-16.56,-28.81,12.5,-0.0009,0.0018,9.8066,52.59628299999999,-1.608857,147.72,0.0,6.0,114.12,22
113.2,-0.1173,-0.1083,9.8382,0.0031,0.0,0.0051,-16.81,-28.75,12.69,0.0021,-0.0019,9.8066,52.59628299999999,-1.608857,147.72,0.0,6.0,114.12,22
113.3,0.0449,0.0236,9.8268,0.0115,-0.0087,-0.0013,-15.87,-28.5,12.44,-0.0028,-0.0002,9.8066,52.59628299999999,-1.608857,147.72,0.0,6.0,114.12,22
113.399,-0.1432,-0.0752,9.7911,-0.0193,-0.0108,0.0093,-16.25,-29.12,12.25,-0.0004,-0.0008,9.8066,52.59628299999999,-1.608857,147.72,0.0,6.0,114.12,22
113.5,0.0567,0.0556,9.9131,0.0092,0.0095,-0.01,-16.44,-28.81,11.75,-0.0023,-0.0013,9.8066,52.59628299999999,-1.608857,147.72,0.0,6.0,114.12,22
113.599,-0.0834,0.1463,9.8657,0.0005,0.0034,-0.0068,-16.69,-28.75,11.88,0.0005,0.0001,9.8066,52.59628299999999,-1.608857,147.72,0.0,6.0,114.12,22
113.699,0.1353,0.0942,9.8472,-0.0062,0.0415,-0.0105,-16.62,-28.31,12.25,-0.0005,-0.0001,9.8066,52.59628299999999,-1.608857,147.72,0.0,6.0,114.12,22
113.8,-0.1189,-0.0633,9.8567,0.0032,0.0234,-0.0162,-16.75,-28.75,11.94,0.0019,0.0023,9.8066,52.59628299999999,-1.608857,147.72,0.0,6.0,114.12,22
113.9,-0.2215,-0.1726,9.792,-0.0119,0.0095,-0.0052,-16.56,-28.62,12.69,0.0016,0.0018,9.8066,52.59628299999999,-1.608857,147.72,0.0,6.0,114.12,22
114.0,0.1356,0.0707,9.8463,-0.0025,0.0321,-0.01,-16.69,-29.25,12.25,0.0003,0.0027,9.8066,52.59628299999999,-1.608857,147.72,0.0,6.0,114.12,22
114.1,-0.2072,-0.1369,9.8172,0.0067,0.0017,-0.0068,-16.06,-29.12,12.31,0.0038,0.0018,9.8066,52.59628299999999,-1.608857,147.72,0.0,6.0,114.12,22
114.2,0.1317,0.0598,9.8593,-0.0058,0.0086,-0.0124,-16.56,-28.94,12.44,-0.0005,0.0002,9.8066,52.59628299999999,-1.608857,147.72,0.0,6.0,114.12,22
114.3,-0.0126,0.1068,9.9292,-0.0087,-0.0132,0.0162,-16.69,-28.69,12.31,-0.0012,0.0017,9.8066,52.59628299999999,-1.608857,147.72,0.0,6.0,114.12,22
114.4,0.2458,0.061,9.9515,0.0024,-0.0031,0.001,-15.87,-28.69,12.25,-0.0049,-0.0022,9.8066,52.59628299999999,-1.608857,147.72,0.0,6.0,114.12,22
114.5,-0.1018,0.1639,9.804,-0.0029,-0.0316,0.0096,-16.94,-29.0,12.75,0.0,0.0006,9.8066,52.59628299999999,-1.608857,147.72,0.0,6.0,114.12,22
114.599,-0.2401,-0.1935,9.8124,0.0003,-0.0026,0.0229,-16.37,-28.19,12.06,-0.0016,-0.0039,9.8066,52.59628299999999,-1.608857,147.72,0.0,6.0,114.12,22
114.7,0.0919,0.1372,9.9174,0.0071,-0.0343,0.0018,-16.69,-28.75,11.75,-0.0029,-0.0004,9.8066,52.59628299999999,-1.608857,147.72,0.0,6.0,114.12,22
114.8,-0.1935,-0.1813,9.8282,-0.0169,-0.0225,0.0267,-15.94,-28.5,12.25,-0.0017,-0.0004,9.8066,52.59628299999999,-1.608857,147.72,0.0,6.0,114.12,22
114.901,0.1885,0.147,9.8684,0.0072,-0.0005,-0.0003,-16.62,-28.94,11.94,-0.0017,-0.0037,9.8066,52.59628299999999,-1.608857,147.72,0.0,6.0,114.12,22
115.0,-0.0377,-0.2157,9.8904,0.0045,-0.0273,0.0028,-16.75,-28.69,12.38,0.0007,0.0,9.8066,52.59628299999999,-1.608857,147.72,0.0,6.0,114.12,22
115.1,-0.0117,0.1124,9.852,0.0018,0.0454,-0.011,-16.0,-28.5,12.0,-0.0029,-0.0027,9.8066,52.59628299999999,-1.608857,147.72,0.0,6.0,114.12,22
115.2,0.0918,0.1074,9.7984,0.0017,-0.0101,-0.0013,-16.81,-28.56,11.63,0.0018,0.0027,9.8066,52.59628299999999,-1.608857,147.72,0.0,6.0,114.12,22
115.3,-0.1184,0.1037,9.7535,-0.012,0.0305,-0.0111,-16.44,-29.37,12.88,-0.0002,0.0006,9.8066,52.59628299999999,-1.608857,147.72,0.0,6.0,114.12,22
115.4,0.0703,0.1672,9.9519,0.0105,0.0375,-0.0084,-16.62,-28.87,12.13,0.0026,0.0022,9.8066,52.59628299999999,-1.608857,147.72,0.0,6.0,114.12,22
115.5,-0.1258,-0.2383,9.799,0.0074,-0.0004,-0.0142,-16.25,-28.31,12.56,0.0031,0.0015,9.8066,52.59628299999999,-1.608857,147.72,0.0,6.0,114.12,22
115.6,-0.273,-0.0123,9.8079,-0.0061,0.0316,-0.0174,-16.75,-28.62,11.75,0.0009,0.0029,9.8066,52.59628299999999,-1.608857,147.72,0.0,6.0,114.12,22
115.7,-0.2553,-0.2461,9.7808,-0.0072,-0.002,0.0153,-15.94,-28.44,12.19,0.0018,0.0027,9.8066,52.59628299999999,-1.608857,147.72,0.0,6.0,114.12,22
115.799,-0.1995,-0.2816,9.8015,0.0006,0.0378,-0.0241,-16.81,-29.25,12.19,-0.0003,0.0007,9.8066,52.59628299999999,-1.608857,147.72,0.0,6.0,114.12,22
115.9,-0.0836,-0.3,9.8438,0.0028,-0.0188,0.0105,-16.5,-28.75,12.94,0.0012,0.0003,9.8066,52.59628299999999,-1.608857,147.72,0.0,6.0,114.12,22
116.0,-0.1321,0.0038,9.8015,-0.0103,0.0054,0.0051,-16.0,-28.69,12.38,-0.0036,-0.0022,9.8066,52.59628299999999,-1.608857,147.72,0.0,6.0,114.12,22
116.1,0.1466,0.1332,9.8675,-0.004,-0.0286,0.0096,-16.37,-28.62,12.13,0.0002,0.0016,9.8066,52.59628299999999,-1.608857,147.72,0.0,6.0,114.12,22
116.2,-0.0955,0.0351,9.7918,0.0021,-0.0139,0.0114,-16.37,-28.94,12.06,-0.0027,-0.004,9.8066,52.59628299999999,-1.608857,147.72,0.0,6.0,114.12,22
116.3,0.2523,0.0906,9.9154,-0.0008,-0.023,-0.0036,-15.75,-28.56,12.44,-0.0025,-0.001,9.8066,52.59628299999999,-1.608857,147.72,0.0,6.0,114.12,22
116.4,-0.1031,-0.2108,9.8429,-0.0086,-0.04,0.0173,-16.5,-28.69,12.31,-0.0009,-0.0009,9.8066,52.59628299999999,-1.608857,147.72,0.0,6.0,114.12,22
116.5,0.1663,0.165,9.9183,0.0072,0.0274,-0.0054,-16.56,-28.69,12.25,-0.0022,-0.0038,9.8066,52.59628299999999,-1.608857,147.72,0.0,6.0,114.12,22
116.6,-0.2249,-0.1854,9.8525,-0.0034,-0.0309,0.0112,-16.25,-29.31,12.13,0.0026,0.0024,9.8066,52.59628299999999,-1.608857,147.72,0.0,6.0,114.12,22
116.7,-0.2192,-0.1425,9.8087,-0.0038,0.0341,-0.0108,-16.62,-28.81,12.63,-0.0021,-0.0025,9.8066,52.59628299999999,-1.608857,147.72,0.0,6.0,114.12,22
116.8,-0.2826,-0.2059,9.8642,0.0045,0.0086,-0.0084,-16.25,-28.62,12.38,0.0034,0.0035,9.8066,52.59628299999999,-1.608857,147.72,0.0,6.0,114.12,22
116.9,-0.0305,-0.0453,9.7732,-0.0055,0.0245,-0.0131,-16.62,-28.56,13.0,0.0006,-0.0009,9.8066,52.59628299999999,-1.608857,147.72,0.0,6.0,114.12,22
116.999,0.288,0.0672,9.8819,0.0016,0.0279999999999999,-0.0205,-16.37,-28.62,12.38,0.0009,0.0013,9.8066,52.59628299999999,-1.608857,147.72,0.0,6.0,114.12,22
117.099,-0.2241,-0.1287,9.8931,-0.0036,0.0112,-0.0012,-16.31,-28.75,12.44,0.0032,0.001,9.8066,52.59628299999999,-1.608857,147.72,0.0,6.0,114.12,21
117.2,-0.0912,0.0893,9.7663,0.0055,0.0197,-0.0268,-16.06,-29.25,11.81,0.0004,0.0014,9.8065,52.59628299999999,-1.608857,147.72,0.0,6.0,114.12,21
117.301,-0.1253,-0.2901,9.8622,-0.0047,-0.0208,0.013,-16.31,-28.69,12.13,0.0025,0.0033,9.8066,52.59628299999999,-1.608857,147.72,0.0,6.0,114.12,21
117.4,-0.172,0.0451,9.7768,-0.0029,0.0271,0.0057,-16.87,-28.62,12.31,-0.0012,-0.0009,9.8066,52.59628299999999,-1.608857,147.72,0.0,6.0,114.12,21
117.5,0.1929,0.1223,9.8808,-0.0051,-0.0361,0.008,-16.5,-28.87,12.19,0.0003,0.0033,9.8066,52.59628299999999,-1.608857,147.72,0.0,6.0,114.12,21
117.6,-0.1014,-0.2112,9.8432,-0.0096,-0.0073,0.0096,-16.06,-28.5,12.0,-0.001,-0.001,9.8066,52.59628299999999,-1.608857,147.72,0.0,6.0,114.12,21
117.7,0.0431,-0.0098,9.9074,0.0105,-0.0117,0.0042,-16.5,-28.75,11.75,-0.0014,-0.0026,9.8066,52.59628299999999,-1.608857,147.72,0.0,6.0,114.12,21
117.8,-0.0168,-0.2418,9.8762,-0.0018,-0.0244,-0.0039,-16.31,-29.0,12.13,0.0004,-0.0001,9.8066,52.59628299999999,-1.608857,147.72,0.0,6.0,114.12,21
117.9,-0.0912,0.1402,9.7236,0.0012,0.0305,0.0095,-16.62,-29.12,12.0,-0.0023,-0.0034,9.8066,52.59628299999999,-1.608857,147.72,0.0,6.0,114.12,21
118.0,0.1765,0.0683,9.9654,0.0119,-0.0044,-0.0134,-16.87,-28.75,12.06,0.0035,0.0011,9.8066,52.59628299999999,-1.608857,147.72,0.0,6.0,114.12,21
118.1,-0.0823,0.0773,9.8277,0.0009,0.0067,-0.0091,-16.94,-28.56,11.75,0.0001,-0.0012,9.8066,52.59628299999999,-1.608857,147.72,0.0,6.0,114.12,21
118.2,-0.1833,0.1257,9.77,-0.0025,0.0323,-0.0051,-16.56,-29.25,12.63,0.0025,0.0009,9.8066,52.59628299999999,-1.608857,147.72,0.0,6.0,114.12,21
118.3,0.0482,-0.1683,9.9153,-0.0055,-0.0013,-0.0131,-16.87,-29.12,11.94,0.0007,0.0012,9.8066,52.59628299999999,-1.608857,147.72,0.0,6.0,114.12,21
118.399,-0.1249,0.0225,9.8099,-0.0035,0.0173,-0.008,-17.06,-28.56,12.19,-0.0021,0.0002,9.8066,52.59628299999999,-1.608857,147.72,0.0,6.0,114.12,21
118.5,0.0616,-0.2246,9.8602,-0.001,-0.0006,0.0012,-16.19,-29.06,12.25,0.0044,0.0021,9.8066,52.59628299999999,-1.608857,147.72,0.0,6.0,114.12,21
118.6,-0.143,0.0972,9.7789,0.0021,0.0024,-0.0005,-17.06,-29.06,12.25,-0.0022,-0.0007,9.8066,52.59628299999999,-1.608857,147.72,0.0,6.0,114.12,21
118.7,0.119,0.0197,9.9192,-0.0121,-0.0208,0.0134,-16.37,-29.12,12.31,0.0002,0.0009,9.8066,52.59628299999999,-1.608857,147.72,0.0,6.0,114.12,21
118.8,-0.1578,0.0286,9.8007,-0.0065,-0.0132,0.0174,-16.44,-28.75,11.75,-0.0022,-0.0009,9.8066,52.59628299999999,-1.608857,147.72,0.0,6.0,114.12,21
118.9,0.1232,0.1898,9.8422,-0.0067,-0.0271,0.0098,-16.37,-28.87,12.19,-0.0015,-0.0006,9.8066,52.59628299999999,-1.608857,147.72,0.0,6.0,114.12,21
118.999,-0.1306,-0.1331,9.8934,-0.0008,-0.013,0.0107,-15.81,-28.62,11.69,-0.0001,-0.0013,9.8066,52.59628299999999,-1.608857,147.72,0.0,6.0,114.12,21
119.099,0.2215,0.038,9.8971,0.0138,0.0148,-0.0123,-16.31,-29.12,12.13,0.0003,-0.0017,9.8066,52.59628299999999,-1.608857,147.72,0.0,6.0,114.12,21
119.2,-0.1007,-0.0665,9.8572,-0.0021,-0.031,0.0012,-16.25,-29.06,12.13,0.0014,0.0016,9.8066,52.59628299999999,-1.608857,147.72,0.0,6.0,114.12,21
119.299,-0.2181,-0.1591,9.7698,0.0015,0.0399,-0.0146,-17.0,-29.69,11.69,0.0002,-0.0021,9.8066,52.59628299999999,-1.608857,147.72,0.0,6.0,114.12,21
119.399,-0.0953,-0.1949,9.8641,0.01,0.0094,-0.0077,-16.56,-29.19,11.75,0.0035,0.0035,9.8066,52.59628299999999,-1.608857,147.72,0.0,6.0,114.12,21
119.5,-0.3252,-0.0883,9.7864,0.0061,0.0223,-0.0201,-16.19,-28.87,12.19,0.0013,-0.0001,9.8066,52.59628299999999,-1.608857,147.72,0.0,6.0,114.12,21
119.6,0.2143,0.1717,9.8863,-0.0054,0.0422,-0.0127,-16.81,-28.5,12.19,0.0024,0.0035,9.8065,52.59628299999999,-1.608857,147.72,0.0,6.0,114.12,21
119.7,-0.1614,-0.1409,9.7945,-0.003,0.0034,-0.0077,-16.69,-28.94,12.19,0.0028,0.0015,9.8066,52.59628299999999,-1.608857,147.72,0.0,6.0,114.12,21
119.799,0.2365,0.1593,9.9183,-0.0017,0.0313,-0.0167,-16.44,-29.25,11.63,-0.0013,0.0008,9.8066,52.59628299999999,-1.608857,147.72,0.0,6.0,114.12,21
119.9,-0.1623,0.0479,9.821,0.0031,0.0087,0.0159,-16.56,-29.19,12.06,0.0031,0.0027,9.8066,52.59628299999999,-1.608857,147.72,0.0,6.0,114.12,21
120.0,0.2193,0.1431,9.8092,0.0028,0.0134,-0.0167,-16.37,-28.69,12.06,-0.0004,-0.0008,9.8066,52.59628299999999,-1.608857,147.72,0.0,6.0,114.12,21
120.1,-0.1027,-0.001,9.8764,-0.0075,-0.0158,0.0245,-16.56,-28.75,11.94,-0.0017,0.0002,9.8066,52.59628299999999,-1.608857,147.72,0.0,6.0,114.12,21
120.2,-0.0788,-0.2769999999999999,9.8271,-0.0037,-0.0069999999999999,0.0068,-16.5,-29.44,12.0,-0.0015,-0.0025,9.8066,52.59628299999999,-1.608857,147.72,0.0,6.0,114.12,21
120.3,-0.1627,-0.0434,9.7868,0.0046,-0.0302,0.011,-16.75,-28.69,11.88,-0.0003,-0.0004,9.8066,52.59628299999999,-1.608857,147.72,0.0,6.0,114.12,21
120.4,0.0079,-0.1915,9.8647,-0.0039,-0.0082,0.0055,-16.44,-28.81,12.88,0.0006,-0.0029,9.8066,52.59628299999999,-1.608857,147.72,0.0,6.0,114.12,21
120.5,-0.1236,0.1175,9.7586,0.0171,-0.0063,-0.0008,-16.19,-28.87,12.06,-0.0026,-0.0031,9.8066,52.59628299999999,-1.608857,147.72,0.0,6.0,114.12,21
120.6,0.0423,-0.1635,9.8388,0.0009,0.0001,0.0027,-16.31,-29.0,12.13,-0.0006,-0.0014,9.8066,52.59628299999999,-1.608857,147.72,0.0,6.0,114.12,21
120.7,-0.2012,0.0796,9.7643,-0.0131,0.0288,-0.0056,-16.62,-29.5,12.0,0.0004,0.0003,9.8066,52.59628299999999,-1.608857,147.72,0.0,6.0,114.12,21
120.8,0.1873,0.0121,9.9006,0.0138,0.0133,-0.0121,-16.25,-29.12,12.25,0.0027,0.0007,9.8066,52.59628299999999,-1.608857,147.72,0.0,6.0,114.12,21
120.9,-0.1995,-0.0015,9.7783,-0.002,0.0112,-0.0079,-16.87,-28.94,11.44,0.0017,0.0009,9.8066,52.59628299999999,-1.608857,147.72,0.0,6.0,114.12,21
121.0,0.0974,0.0966,9.8678,-0.0007,0.0338,-0.006,-16.62,-28.69,12.06,0.0015,0.0012,9.8066,52.59628299999999,-1.608857,147.72,0.0,6.0,114.12,20
121.1,-0.0411,-0.0921,9.883,-0.0044,-0.0136,-0.0028,-16.5,-28.37,12.25,0.0023,0.0014,9.8066,52.59628299999999,-1.608857,147.72,0.0,6.0,114.12,20
121.2,0.1543,0.1229,9.9041,-0.0013,0.0116,-0.0059,-16.44,-28.62,12.38,-0.0023,-0.0015,9.8066,52.59628299999999,-1.608857,147.72,0.0,6.0,114.12,20
121.3,0.0505,-0.1195,9.8516,-0.0036,-0.0102,0.0132,-16.19,-28.87,12.56,0.0007,0.0018,9.8066,52.59628299999999,-1.608857,147.72,0.0,6.0,114.12,20
121.4,-0.256,-0.1363,9.7722,0.0024,-0.0217,0.0021,-16.31,-29.0,12.19,-0.0023,-0.0016,9.8066,52.59628299999999,-1.608857,147.72,0.0,6.0,114.12,20
121.5,-0.034,-0.1904,9.8344,-0.0108,-0.0204,0.0231,-16.06,-28.62,12.5,-0.0013,-0.0008,9.8066,52.59628299999999,-1.608857,147.72,0.0,6.0,114.12,20
121.6,-0.2824,-0.1741,9.8428,0.0022,-0.0227,0.0187,-16.69,-29.0,11.94,-0.0029,-0.0024,9.8066,52.59628299999999,-1.608857,147.72,0.0,6.0,114.12,20
121.7,0.2496,0.1206,9.8471,0.0064,-0.0358,-0.001,-16.12,-28.75,12.19,-0.0005,-0.0023,9.8066,52.59628299999999,-1.608857,147.72,0.0,6.0,114.12,20
121.8,-0.2587,-0.1474,9.7979,0.004,-0.0452,0.0284,-16.06,-28.81,11.63,0.0002,-0.0031,9.8066,52.59628299999999,-1.608857,147.72,0.0,6.0,114.12,20
121.9,0.2858,0.2076,9.9266,0.0031,0.0093,-0.0024,-16.62,-28.56,12.06,-0.0028,-0.0046,9.8066,52.59628299999999,-1.608857,147.72,0.0,6.0,114.12,20
122.0,-0.1725,0.0701,9.8275,-0.0086,-0.0555,0.0171,-16.37,-29.06,11.75,-0.0005,0.0004,9.8066,52.59628299999999,-1.608857,147.72,0.0,6.0,114.12,20
122.099,0.2541,0.2235,9.8907,-0.001,0.0567,-0.0056,-16.62,-29.0,12.25,-0.003,-0.005,9.8066,52.59628299999999,-1.608857,147.72,0.0,6.0,114.12,20
122.2,-0.231,0.0385,9.8107,0.0024,-0.0103,-0.0052,-16.69,-28.94,12.44,0.0039,0.0026,9.8066,52.59628299999999,-1.608857,147.72,0.0,6.0,114.12,20
122.3,-0.19,-0.2959,9.8437,-0.0023,0.0441,-0.0173,-16.31,-28.62,12.5,-0.0021,-0.0009,9.8066,52.59628299999999,-1.608857,147.72,0.0,6.0,114.12,20
122.4,-0.131,-0.0347,9.8555,-0.003,0.0367,-0.0127,-16.62,-29.0,11.69,0.0023,0.0045,9.8066,52.59628299999999,-1.608857,147.72,0.0,6.0,114.12,20
122.499,-0.1504,-0.3049,9.7813,-0.0058,0.0241,-0.0184,-16.75,-28.31,11.94,0.0031,0.0011,9.8066,52.59628299999999,-1.608857,147.72,0.0,6.0,114.12,20
122.6,0.0924,0.2288,9.8518,0.0001,0.0513,-0.0364,-16.12,-28.56,11.94,0.0013,0.003,9.8066,52.59628299999999,-1.608857,147.72,0.0,6.0,114.12,20
122.7,-0.1934,-0.1534,9.8662,-0.0011,0.0129,-0.0014,-16.81,-29.31,12.44,0.0021,0.0038,9.8066,52.59628299999999,-1.608857,147.72,0.0,6.0,114.12,20
122.8,0.264,0.1871,9.8683,-0.004,0.0217,-0.0152,-16.37,-28.25,12.25,-0.0015,0.0002,9.8066,52.59628299999999,-1.608857,147.72,0.0,6.0,114.12,20
122.9,-0.2684,-0.1018,9.8451,-0.0043,-0.018,0.0114,-16.56,-28.69,12.06,0.0003,0.0024,9.8066,52.59628299999999,-1.608857,147.72,0.0,6.0,114.12,20
123.0,-0.1242,-0.2076,9.8325,-0.0018,0.0082,0.0078,-16.75,-28.87,12.56,-0.0021,-0.0016,9.8066,52.59628299999999,-1.608857,147.72,0.0,6.0,114.12,21
123.1,-0.134,-0.0758,9.9065,0.0015,-0.0363,0.0065,-16.5,-28.94,12.19,-0.0004,0.0005,9.8066,52.59628299999999,-1.608857,147.72,0.0,6.0,114.12,21
123.2,-0.2001,-0.2091,9.7841,-0.0115,-0.016,0.0188,-17.19,-28.94,12.19,-0.0008,-0.0023,9.8066,52.59628299999999,-1.608857,147.72,0.0,6.0,114.12,21
123.299,0.1016,0.1544,9.8786,-0.003,-0.0067,0.0092,-16.5,-28.75,11.63,-0.0014,-0.0033,9.8066,52.59628299999999,-1.608857,147.72,0.0,6.0,114.12,21
123.4,-0.1179,-0.22,9.8447,0.0083,-0.0423,0.0004,-17.19,-28.37,12.31,-0.0001,-0.002,9.8066,52.59628299999999,-1.608857,147.72,0.0,6.0,114.12,21
123.499,0.0818,0.1544,9.8129,0.0086,0.0298,-0.0035,-17.06,-28.87,12.25,-0.0003,-0.0026,9.8066,52.59628299999999,-1.608857,147.72,0.0,6.0,114.12,21
123.6,0.0325,0.0889,9.8932,-0.0001,-0.0149,0.0044,-16.31,-29.0,11.94,0.0018,0.0008,9.8066,52.59628299999999,-1.608857,147.72,0.0,6.0,114.12,21
123.7,-0.0363,-0.2421,9.8796,-0.0059,0.026,-0.022,-16.25,-29.19,11.81,-0.0008,-0.0013,9.8066,52.59628299999999,-1.608857,147.72,0.0,6.0,114.12,21
123.799,-0.1241,-0.0528,9.9105,0.0027,0.0238,0.0057,-16.25,-28.87,12.0,0.0012,0.0013,9.8066,52.59628299999999,-1.608857,147.72,0.0,6.0,114.12,21
123.9,-0.1141,-0.1493,9.7883,0.0028,0.0,-0.0113,-16.31,-28.37,11.69,0.0019,0.0001,9.8066,52.59628299999999,-1.608857,147.72,0.0,6.0,114.12,21
124.001,-0.0433,0.0904,9.8101,-0.0064,0.011,-0.0087,-16.37,-29.0,12.88,-0.0009,0.0016,9.8066,52.59628299999999,-1.608857,147.72,0.0,6.0,114.12,21
124.1,-0.0447,-0.2461,9.8179,-0.0042,-0.006,0.011,-16.25,-28.44,13.13,0.003,0.0011,9.8066,52.59628299999999,-1.608857,147.72,0.0,6.0,114.12,21
124.199,-0.0709,0.0998,9.8344,-0.0036,-0.0037,-0.0096,-16.37,-29.06,12.25,-0.0034,0.0004,9.8066,52.59628299999999,-1.608857,147.72,0.0,6.0,114.12,21
124.3,0.1001,0.1773,9.8569,-0.0058,-0.0292,0.0242,-16.5,-29.37,11.63,0.0019,0.0002,9.8066,52.59628299999999,-1.608857,147.72,0.0,6.0,114.12,21
124.401,-0.0094,0.0854,9.8579,-0.0005,0.001,0.0152,-16.25,-28.69,12.19,-0.0029,-0.003,9.8066,52.59628299999999,-1.608857,147.72,0.0,6.0,114.12,21
124.499,0.0344,0.1183,9.8396,0.0116,-0.0366,0.0082,-16.56,-28.69,12.13,0.0007,-0.0022,9.8066,52.59628299999999,-1.608857,147.72,0.0,6.0,114.12,21
124.599,-0.1521,-0.2844,9.7856,-0.017,-0.0239,0.0133,-16.56,-28.44,11.88,0.0038,-0.0016,9.8066,52.59628299999999,-1.608857,147.72,0.0,6.0,114.12,21
124.7,-0.0406,0.1606,9.8375,-0.001,0.0094,0.0048,-16.0,-28.56,11.69,-0.0006,0.0002,9.8066,52.59628299999999,-1.608857,147.72,0.0,6.0,114.12,21
124.8,-0.0605,-0.3587,9.8684,-0.0023,-0.0427,0.0029,-16.44,-28.87,11.38,0.0006,-0.0002,9.8066,52.59628299999999,-1.608857,147.72,0.0,6.0,114.12,21
124.9,-0.0159,0.2135,9.7784,0.0068,0.0466,-0.0077,-16.75,-28.94,12.56,-0.0024,0.0006,9.8066,52.59628299999999,-1.608857,147.72,0.0,6.0,114.12,21
124.999,0.1379,0.1574,9.8709,0.0023,-0.0112,0.0017,-16.69,-28.56,12.0,0.0004,0.0018,9.8066,52.59628299999999,-1.608857,147.72,0.0,6.0,114.12,21
125.1,-0.0402,0.1802,9.8007,-0.0045,0.0308,-0.0204,-16.56,-28.37,12.19,-0.0019,-0.0038,9.8066,52.59628299999999,-1.608857,147.72,0.0,6.0,114.12,21
125.199,0.1331,0.0977,9.8714,-0.0075,0.0357,-0.0059,-16.5,-29.06,12.31,-0.0019,-0.0011,9.8066,52.59628299999999,-1.608857,147.72,0.0,6.0,114.12,21
125.3,-0.0592,-0.2253,9.8388,0.006,0.0047,-0.0135,-16.44,-29.19,11.94,-0.0001,-0.0024,9.8065,52.59628299999999,-1.608857,147.72,0.0,6.0,114.12,21
125.4,-0.0789,0.2083,9.7589,-0.0122,0.0213,-0.012,-15.94,-29.31,12.13,-0.0019,-0.003,9.8066,52.59628299999999,-1.608857,147.72,0.0,6.0,114.12,21
125.5,-0.0064,-0.1975,9.8683,-0.0059,0.0019,0.0069,-16.12,-28.87,12.25,0.0012,-0.0005,9.8066,52.59628299999999,-1.608857,147.72,0.0,6.0,114.12,21
125.6,0.0871,0.1158,9.8091,0.012,-0.0202,0.002,-17.0,-29.44,12.5,0.0006,0.002,9.8066,52.59628299999999,-1.608857,147.72,0.0,6.0,114.12,21
125.7,-0.2465,-0.0425,9.7865,-0.0185,-0.0109,0.0187,-16.81,-28.69,12.69,0.0031,-0.0004,9.8066,52.59628299999999,-1.608857,147.72,0.0,6.0,114.12,21
125.8,-0.1201,0.0783,9.7829,-0.0006,-0.0026,-0.0065,-16.62,-29.44,12.13,0.0003,-0.0002,9.8066,52.59628299999999,-1.608857,147.72,0.0,6.0,114.12,21
125.9,0.1675,0.0398,9.9133,0.0068,0.0013,-0.0081,-16.44,-28.75,12.19,-0.0014,0.0008,9.8066,52.59628299999999,-1.608857,147.72,0.0,6.0,114.12,21
126.0,-0.1222,-0.037,9.8307,-0.0182,-0.0041,0.0149,-16.5,-28.94,12.06,0.004,0.0024,9.8066,52.59628299999999,-1.608857,147.72,0.0,6.0,114.12,21
126.1,-0.2155,-0.0242,9.8293,0.0082,0.0211,-0.0158,-16.62,-28.94,12.0,-0.0018,-0.0011,9.8066,52.59628299999999,-1.608857,147.72,0.0,6.0,114.12,21
126.2,-0.0332,-0.2957,9.8513,0.0022,-0.015,0.001,-16.12,-29.44,11.69,0.0007,0.0005,9.8066,52.59628299999999,-1.608857,147.72,0.0,6.0,114.12,21
126.3,-0.1781,-0.0122,9.8097,0.0047,0.0448,-0.0104,-16.06,-28.81,12.69,-0.0016,-0.0009,9.8066,52.59628299999999,-1.608857,147.72,0.0,6.0,114.12,21
126.4,0.1581,0.2954,9.8639,0.0039,0.0223,-0.0177,-16.37,-28.81,11.81,-0.0026,-0.0015,9.8066,52.59628299999999,-1.608857,147.72,0.0,6.0,114.12,21
126.5,-0.0841,-0.0226,9.8751,0.0003,0.0279,-0.0131,-16.0,-28.94,11.56,-0.0038,-0.0031,9.8066,52.59628299999999,-1.608857,147.72,0.0,6.0,114.12,21
126.6,0.1078,0.3092,9.8178,0.0002,0.0534,-0.0219,-16.62,-29.56,11.75,-0.002,-0.0032,9.8066,52.59628299999999,-1.608857,147.72,0.0,6.0,114.12,21
126.7,-0.0008,-0.2827,9.8319,0.0074,-0.0093,-0.0121,-16.56,-28.94,12.06,-0.0018,-0.0031,9.8065,52.59628299999999,-1.608857,147.72,0.0,6.0,114.12,21
126.8,0.2017,0.0761,9.8722,0.0003,0.0353,-0.0294,-16.25,-28.69,12.19,-0.0031,-0.0017,9.8066,52.59628299999999,-1.608857,147.72,0.0,6.0,114.12,21
126.899,-0.3404,-0.1973,9.7702,-0.017,-0.0109,0.0152,-16.19,-28.69,12.56,-0.0002,-0.0018,9.8066,52.59628299999999,-1.608857,147.72,0.0,6.0,114.12,21
127.0,0.2326,0.1534,9.8728,0.003,0.0159,-0.0212,-16.62,-28.87,12.0,-0.0032,-0.0035,9.8066,52.59628299999999,-1.608857,147.72,0.0,6.0,114.12,22
127.1,-0.0148,0.2168,9.875,-0.0054,-0.0326,0.0145,-16.12,-28.25,12.0,0.0005,0.0005,9.8066,52.59628299999999,-1.608857,147.72,0.0,6.0,114.12,22
127.2,0.3202,0.1683,9.8613,0.0001,0.0001,0.0069,-16.37,-29.06,12.5,-0.0012,-0.0002,9.8066,52.59628299999999,-1.608857,147.72,0.0,6.0,114.12,22
127.3,0.0053,0.1786,9.8238,-0.0033,-0.0498,0.0117,-16.12,-28.87,12.0,0.0016,0.0035,9.8066,52.59628299999999,-1.608857,147.72,0.0,6.0,114.12,22
127.4,-0.1011,-0.4139,9.936,0.0107,-0.0182,0.0236,-15.94,-28.56,12.19,0.0012,0.0038,9.8066,52.59628299999999,-1.608857,147.72,0.0,6.0,114.12,22
127.5,0.0131,0.1219,9.9085,-0.0034,-0.0351,0.0046,-16.0,-28.69,12.69,0.0008,0.0033,9.8066,52.59628299999999,-1.608857,147.72,0.0,6.0,114.12,22
127.6,-0.1716,-0.4573,9.8494,-0.0092,-0.0472,0.0324,-15.94,-28.44,12.19,0.0039,0.0046,9.8066,52.59628299999999,-1.608857,147.72,0.0,6.0,114.12,22
127.7,0.0182,0.1949,9.7944,0.0079,0.0156,0.0055,-16.81,-29.19,12.5,0.0014,0.002,9.8066,52.59628299999999,-1.608857,147.72,0.0,6.0,114.12,22
127.8,-0.0478,-0.4213,9.9093,-0.0045,-0.0288,0.0279999999999999,-16.12,-28.69,12.13,0.0018,0.0036,9.8066,52.59628299999999,-1.608857,147.72,0.0,6.0,114.12,22
127.9,-0.0584,0.2118,9.7741,0.0024,0.0425,-0.0099,-16.37,-28.5,12.63,-0.0019,0.0,9.8066,52.59628299999999,-1.608857,147.72,0.0,6.0,114.12,22
128.0,0.2553,0.1369,9.8661,0.0042,0.0164,-0.0014,-16.75,-28.87,12.69,0.0001,0.0017,9.8066,52.59628299999999,-1.608857,147.72,0.0,6.0,114.12,22
128.1,0.0322,0.1813,9.7928,-0.002,0.0216,-0.0268,-15.94,-28.75,11.94,-0.004,-0.0037,9.8066,52.59628299999999,-1.608857,147.72,0.0,6.0,114.12,22
128.2,0.2477,0.035,9.8725,-0.0021,0.0208,-0.013,-15.94,-29.12,12.38,0.001,-0.0004,9.8066,52.59628299999999,-1.608857,147.72,0.0,6.0,114.12,21
128.299,-0.1868,-0.1272,9.8964,-0.0063,0.0342,-0.0079,-16.12,-28.5,12.56,-0.0007,-0.003,9.8066,52.59628299999999,-1.608857,147.72,0.0,6.0,114.12,21
128.4,0.2882,0.0077,9.9217,0.0016,0.0049,-0.0159,-16.81,-28.69,12.06,-0.001,-0.0016,9.8066,52.59628299999999,-1.608857,147.72,0.0,6.0,114.12,21
128.5,-0.2546,-0.0561,9.8469,-0.0036,0.0049,0.0021,-16.37,-28.75,12.44,0.0005,0.0008,9.8066,52.59628299999999,-1.608857,147.72,0.0,6.0,114.12,21
128.599,-0.0433,-0.1083,9.7903,-0.0047,0.0122,0.0071,-16.06,-28.5,12.19,0.0012,-0.0014,9.8066,52.59628299999999,-1.608857,147.72,0.0,6.0,114.12,21
128.699,-0.105,-0.0305,9.8582,-0.0019,-0.0228,0.0026,-16.37,-28.44,12.75,0.0016,0.0011,9.8066,52.59628299999999,-1.608857,147.72,0.0,6.0,114.12,21
128.8,0.0004,-0.172,9.8692,-0.0057,-0.0026,0.0098,-16.06,-28.69,12.69,0.0022,-0.0001,9.8066,52.59628299999999,-1.608857,147.72,0.0,6.0,114.12,21
128.9,-0.0281,0.1185,9.7733,0.021,-0.0078,0.0003,-16.25,-28.87,12.13,-0.0009,0.002,9.8066,52.59628299999999,-1.608857,147.72,0.0,6.0,114.12,21
129.0,0.1426,0.094,9.9351,-0.0135,-0.0245,0.0003,-16.94,-28.37,12.56,0.0022,-0.0002,9.8066,52.59628299999999,-1.608857,147.72,0.0,6.0,114.12,21
129.1,0.2222,0.0287,9.8915,-0.006,0.0332,0.0049,-16.19,-28.25,12.31,-0.0007,0.0006,9.8066,52.59628299999999,-1.608857,147.72,0.0,6.0,114.12,21
129.2,-0.0563,0.0939,9.8955,0.0069,0.0142,-0.0119,-16.44,-28.44,13.06,-0.0022,0.0,9.8066,52.59628299999999,-1.608857,147.72,0.0,6.0,114.12,21
129.3,-0.282,-0.0782,9.7119,0.0062,0.0246,-0.0193,-16.25,-28.56,11.75,-0.0033,-0.0017,9.8066,52.59628299999999,-1.608857,147.72,0.0,6.0,114.12,21
129.4,0.2954,0.0982,9.8945,0.0007,0.0536,-0.0095,-16.0,-28.5,12.25,-0.0011,0.0,9.8066,52.59628299999999,-1.608857,147.72,0.0,6.0,114.12,21
129.499,-0.1988,-0.1265,9.826,0.0046,-0.0024,-0.0111,-16.06,-28.62,12.13,-0.0018,-0.0017,9.8066,52.59628299999999,-1.608857,147.72,0.0,6.0,114.12,21
129.6,0.3061,0.1545,9.902,-0.0057,0.0349,-0.0204,-16.75,-28.5,12.25,-0.0021,-0.0039,9.8066,52.59628299999999,-1.608857,147.72,0.0,6.0,114.12,21
129.7,-0.0435,0.0123,9.8294,-0.004,-0.0043,0.0213,-16.19,-28.31,12.25,0.0004,0.0,9.8066,52.59628299999999,-1.608857,147.72,0.0,6.0,114.12,21
129.8,0.2243,0.2622,9.8979,-0.0017,0.008,-0.0199,-16.37,-28.62,12.56,-0.0038,-0.0043,9.8066,52.59628299999999,-1.608857,147.72,0.0,6.0,114.12,21
129.9,-0.0567,-0.0559,9.831,0.0003,-0.0314,0.0272,-16.19,-28.69,12.44,0.0021,0.003,9.8066,52.59628299999999,-1.608857,147.72,0.0,6.0,114.12,21
130.0,-0.3471,-0.2258,9.7452,-0.0126,-0.0027,0.0074,-16.12,-28.87,12.5,-0.0017,-0.0024,9.8066,52.59628299999999,-1.608857,147.72,0.0,6.0,114.12,21
130.1,-0.021,-0.1618,9.7764,-0.013,-0.0391,0.0264,-15.87,-28.69,12.06,0.0045,0.0036,9.8066,52.59628299999999,-1.608857,147.72,0.0,6.0,114.12,21
130.199,-0.2233,-0.1733,9.8027,0.009,-0.0316,0.0129,-16.0,-28.81,12.31,0.0012,0.0038,9.8066,52.59628299999999,-1.608857,147.72,0.0,6.0,114.12,21
130.3,0.3856,0.1649,9.9387,-0.0124,-0.0276,0.0125,-16.31,-28.19,12.19,0.002,0.0028,9.8066,52.59628299999999,-1.608857,147.72,0.0,6.0,114.12,21
130.4,-0.2376,-0.1534,9.7979,-0.0013,-0.0403,0.0367,-15.75,-28.87,11.38,0.0034,0.0056,9.8066,52.59628299999999,-1.608857,147.72,0.0,6.0,114.12,21
130.499,0.3451,0.264,9.8706,-0.0049,-0.0053,-0.0132,-16.31,-28.44,12.13,0.0007,0.0012,9.8066,52.59628299999999,-1.608857,147.72,0.0,6.0,114.12,21
130.6,-0.003,-0.0927,9.8738,-0.0017,-0.0336,0.04,-16.5,-28.75,12.44,0.0051,0.0061,9.8066,52.59628299999999,-1.608857,147.72,0.0,6.0,114.12,21
130.699,-0.1982,-0.0643,9.8758,0.0062,0.0337,-0.03,-16.12,-28.25,12.69,-0.0025,-0.0023,9.8066,52.59628299999999,-1.608857,147.72,0.0,6.0,114.12,21
130.8,-0.2362,-0.4318,9.8099,0.0008,-0.0281,0.0064,-16.31,-29.06,11.88,0.0047,0.0054,9.8066,52.59628299999999,-1.608857,147.72,0.0,6.0,114.12,21
130.9,0.1264,0.083,9.9065,0.0047,0.0741,-0.0239,-15.94,-29.06,11.63,-0.005,-0.0049,9.8066,52.59628299999999,-1.608857,147.72,0.0,6.0,114.12,21
131.0,0.215,0.4144,9.8209,-0.0024,0.0019,-0.0081,-16.25,-28.5,12.31,0.001,-0.0005,9.8066,52.59628299999999,-1.608857,147.72,0.0,6.0,114.12,21
131.1,0.2439,0.0779,9.8622,-0.001,0.0544,-0.0366,-16.5,-28.56,12.06,-0.0015,-0.0065,9.8066,52.59628299999999,-1.608857,147.72,0.0,6.0,114.12,21
131.2,0.146,0.294,9.8399,0.0012,0.0551,-0.0131,-16.0,-28.37,12.31,0.0,-0.002,9.8066,52.59628299999999,-1.608857,147.72,0.0,6.0,114.12,21
131.3,-0.1184,-0.4548,9.8958,-0.0065,0.042,-0.0219,-16.12,-28.69,12.56,-0.003,-0.0059,9.8066,52.59628299999999,-1.608857,147.72,0.0,6.0,114.12,21
131.4,-0.0245,0.1815,9.8113,0.0154,0.061,-0.0418,-15.94,-28.37,12.0,-0.0063,-0.0051,9.8066,52.59628299999999,-1.608857,147.72,0.0,6.0,114.12,21
131.5,-0.315,-0.1808,9.8852,-0.0092,0.013,-0.0007,-15.5,-28.75,11.69,-0.0024,-0.0038,9.8066,52.59628299999999,-1.608857,147.72,0.0,6.0,114.12,21
131.6,0.3192,0.3787,9.8653,0.0068,0.0678,-0.0253,-15.37,-28.5,11.94,-0.0049,-0.0042,9.8066,52.59628299999999,-1.608857,147.72,0.0,6.0,114.12,21
131.7,0.043,-0.1293,9.8258,-0.0008,-0.0344,-0.0017,-15.37,-28.81,12.13,-0.0005,0.0002,9.8066,52.59628299999999,-1.608857,147.72,0.0,6.0,114.12,21
131.799,0.2553,0.4924,9.8831,0.0116,0.0517,-0.0147,-15.81,-28.56,11.88,-0.0031,-0.0042,9.8066,52.59628299999999,-1.608857,147.72,0.0,6.0,114.12,21
131.9,-0.1535,-0.2932,9.8206,-0.0021,-0.0448,0.0259,-16.44,-28.75,11.94,0.0021,0.0048,9.8066,52.59628299999999,-1.608857,147.72,0.0,6.0,114.12,21
132.0,0.2825,0.0453,9.9386,0.0098,0.0267,-0.0062,-15.81,-28.56,12.44,-0.0059,-0.0036,9.8066,52.59628299999999,-1.608857,147.72,0.0,6.0,114.12,21
132.1,0.1746,0.3806,9.8079,0.0033,-0.0718,0.039,-15.69,-29.19,12.5,0.0029,0.0069,9.8065,52.59628299999999,-1.608857,147.72,0.0,6.0,114.12,21
132.199,0.4274,0.289,9.9599,0.0022,-0.01,0.0077,-15.62,-28.81,12.56,-0.002,-0.0007,9.8066,52.59628299999999,-1.608857,147.72,0.0,6.0,114.12,21
132.3,0.1383,0.1732,9.7804,-0.0054,-0.0756,0.0475,-15.94,-28.37,12.25,0.0047,0.0069999999999999,9.8066,52.59628299999999,-1.608857,147.72,0.0,6.0,114.12,21
132.4,-0.3844,-0.5219,9.8602,0.0142,-0.046,0.0184,-15.94,-28.31,11.94,-0.0017,0.003,9.8066,52.59628299999999,-1.608857,147.72,0.0,6.0,114.12,21
132.5,-0.1035,-0.03,9.8387,-0.0054,-0.0622,0.0379,-15.62,-28.5,11.81,0.0044,0.0069999999999999,9.8066,52.59628299999999,-1.608857,147.72,0.0,6.0,114.12,21
132.6,-0.3606,-0.4983,9.8634,-0.004,-0.0572,0.0359,-15.75,-28.81,12.19,0.0033,0.0061,9.8065,52.59628299999999,-1.608857,147.72,0.0,6.0,114.12,21
132.7,0.3456,0.4415,9.8398,-0.0036,-0.0376,0.026,-15.87,-28.56,11.44,0.0035,0.0064,9.8066,52.59628299999999,-1.608857,147.72,0.0,6.0,114.12,21
132.799,-0.1333,-0.3602,9.9184,-0.0005,-0.068,0.0446,-15.94,-28.37,11.69,0.0028,0.0083,9.8065,52.59628299999999,-1.608857,147.72,0.0,6.0,114.12,21
132.899,0.3064,0.4123,9.8234,0.017,0.0069999999999999,-0.0062,-15.69,-28.69,12.19,-0.0024,0.0026,9.8066,52.59628299999999,-1.608857,147.72,0.0,6.0,114.12,21
133.0,0.0795,0.0073,9.9694,0.0092,-0.0362,0.022,-15.87,-28.69,12.25,0.0041,0.0063,9.8066,52.59628299999999,-1.608857,147.72,0.0,6.0,114.12,21
133.1,0.2142,0.3971,9.8051,-0.0045,0.0371,-0.0249,-16.06,-28.94,12.13,-0.0027,-0.002,9.8066,52.59628299999999,-1.608857,147.72,0.0,6.0,114.12,21
133.2,0.0223,-0.0446,9.9523,0.0108,-0.0066,-0.0032,-15.44,-28.81,11.88,0.0002,0.004,9.8066,52.59628299999999,-1.608857,147.72,0.0,6.0,114.12,21
133.299,-0.0847,-0.3045,9.8859,-0.0089,0.0445,-0.0237,-16.25,-28.87,12.13,-0.001,-0.0036,9.8066,52.59628299999999,-1.608857,147.72,0.0,6.0,114.12,21
133.4,-0.0279999999999999,-0.0184,9.9109,-0.0012,0.027,-0.0105,-15.56,-28.37,11.69,-0.0027,-0.0001,9.8066,52.59628299999999,-1.608857,147.72,0.0,6.0,114.12,21
133.5,-0.0697,-0.2475,9.8674,-0.0031,0.0166,-0.0107,-16.12,-28.5,12.25,-0.0007,-0.0032,9.8066,52.59628299999999,-1.608857,147.72,0.0,6.0,114.12,21
133.6,-0.0767,0.1417,9.7395,-0.0044,0.025,-0.0091,-16.12,-28.44,11.63,-0.0004,-0.0013,9.8066,52.59628299999999,-1.608857,147.72,0.0,6.0,114.12,21
133.699,0.075,0.0361,9.9527,-0.0134,-0.0231,0.0092,-16.12,-28.25,12.69,0.0037,-0.0005,9.8066,52.59628299999999,-1.608857,147.72,0.0,6.0,114.12,21
133.8,0.0006,-0.2194,9.8994,0.0078,0.012,0.0033,-15.12,-28.5,12.44,-0.0011,-0.0011,9.8066,52.59628299999999,-1.608857,147.72,0.0,6.0,114.12,21
133.9,-0.1083,-0.0627,9.8881,0.0031,0.0213,0.0006,-16.06,-28.94,11.63,-0.0003,0.0002,9.8066,52.59628299999999,-1.608857,147.72,0.0,6.0,114.12,21
134.0,0.0015,-0.225,9.8296,-0.0098,0.0202,-0.0128,-15.62,-28.25,12.31,-0.0002,0.001,9.8066,52.59628299999999,-1.608857,147.72,0.0,6.0,114.12,21
134.1,0.0754,0.2019999999999999,9.8734,0.0052,0.0177,-0.0139,-15.5,-28.5,11.94,0.0024,0.0025,9.8066,52.59628299999999,-1.608857,147.72,0.0,6.0,114.12,21
134.199,0.0157,-0.29,9.8495,-0.0042,0.0126,0.0016,-15.69,-28.94,12.0,0.0006,0.0019,9.8066,52.59628299999999,-1.608857,147.72,0.0,6.0,114.12,21
134.3,0.0744,0.1858,9.8152,-0.0052,0.0283,-0.0061,-15.12,-28.5,11.94,-0.0024,-0.0009,9.8066,52.59628299999999,-1.608857,147.72,0.0,6.0,114.12,21
134.4,0.0896,0.0464,9.9461,-0.0117,-0.0114,0.0102,-16.06,-28.31,11.63,0.0027,0.0035,9.8066,52.59628299999999,-1.608857,147.72,0.0,6.0,114.12,21
134.5,-0.0518,-0.2272,9.8968,0.011,-0.0006,0.0064,-16.31,-29.0,12.19,-0.0041,-0.0051,9.8066,52.59628299999999,-1.608857,147.72,0.0,6.0,114.12,21
134.6,0.2847,0.0405,9.8849,-0.0061,-0.0339,0.0062,-15.75,-28.31,12.19,-0.0012,0.0015,9.8066,52.59628299999999,-1.608857,147.72,0.0,6.0,114.12,21
134.7,-0.2125,0.0259,9.7662,-0.01,0.0077,0.0152,-15.62,-28.75,12.19,-0.0015,-0.0018,9.8066,52.59628299999999,-1.608857,147.72,0.0,6.0,114.12,21
134.8,0.3957,0.1099,9.9821,-0.0016,-0.0132,0.0045,-15.5,-28.69,12.56,-0.0068,-0.0024,9.8066,52.59628299999999,-1.608857,147.72,0.0,6.0,114.12,21
134.9,-0.1171,-0.1018,9.8366,-0.0117,-0.0313,0.0262,-15.87,-28.31,12.31,-0.0008,0.0003,9.8066,52.59628299999999,-1.608857,147.72,0.0,6.0,114.12,21
134.999,0.3783,0.1967,9.905,0.0063,0.0218,-0.0197,-15.75,-28.81,11.31,-0.002,-0.0022,9.8066,52.59628299999999,-1.608857,147.72,0.0,6.0,114.12,21
135.099,-0.0924,-0.0335,9.8278,-0.0005,-0.0065,0.0047,-15.69,-28.56,12.0,0.0025,0.0029,9.8066,52.59628299999999,-1.608857,147.72,0.0,6.0,114.12,21
135.199,-0.0684,-0.3559,9.9018,-0.0087,0.0406,-0.0256,-15.56,-28.44,12.38,-0.0016,-0.0008,9.8066,52.59628299999999,-1.608857,147.72,0.0,6.0,114.12,21
135.3,-0.1134,-0.0379,9.9185,0.0075,0.0229,-0.012,-15.56,-28.56,12.0,0.0012,0.0048,9.8066,52.59628299999999,-1.608857,147.72,0.0,6.0,114.12,21
135.4,-0.1734,-0.3139,9.7939,-0.0032,0.0302,-0.0097,-16.25,-28.69,11.63,0.0028,0.0015,9.8066,52.59628299999999,-1.608857,147.72,0.0,6.0,114.12,21
135.5,0.3815,0.2108,9.9374,0.0056,0.0431,-0.0332,-16.69,-28.37,12.13,0.0039,0.0044,9.8066,52.59628299999999,-1.608857,147.72,0.0,6.0,114.12,21
135.6,-0.1767,-0.0794,9.8526,-0.0045,0.0175,0.0009,-15.69,-28.5,12.63,0.0041,0.0032,9.8066,52.59628299999999,-1.608857,147.72,0.0,6.0,114.12,21
135.699,0.344,0.2333,9.8768,-0.0062,0.0204,-0.0241,-16.06,-28.31,12.31,-0.0004,0.0009,9.8066,52.59628299999999,-1.608857,147.72,0.0,6.0,114.12,21
135.799,-0.1011,-0.1645,9.8538,-0.0085,-0.0219,0.018,-15.81,-28.75,11.75,0.0018,0.0036,9.8066,52.59628299999999,-1.608857,147.72,0.0,6.0,114.12,21
135.9,-0.1024,-0.1431,9.8979,0.0109,0.0166,-0.0111,-16.0,-28.5,12.63,-0.0027,-0.0039,9.8066,52.59628299999999,-1.608857,147.72,0.0,6.0,114.12,21
135.999,-0.0886,-0.1532,9.9024,-0.0049,-0.0352,0.0105,-15.87,-28.31,11.69,0.0013,0.0041,9.8066,52.59628299999999,-1.608857,147.72,0.0,6.0,114.12,22
136.1,-0.1775,-0.1061,9.7895,-0.0014,-0.0052,0.0227,-15.94,-27.87,12.38,-0.0012,-0.0043,9.8066,52.59628299999999,-1.608857,147.72,0.0,6.0,114.12,22
136.2,0.1194,0.1247,9.8981,-0.0029,-0.0378,0.0088,-16.06,-28.69,12.13,-0.0022,-0.0003,9.8066,52.59628299999999,-1.608857,147.72,0.0,6.0,114.12,22
136.3,0.0434,-0.2694,9.9346,0.0019,-0.0221,0.0218,-15.75,-28.56,12.25,-0.0004,-0.0028,9.8066,52.59628299999999,-1.608857,147.72,0.0,6.0,114.12,22
136.399,0.1548,0.193,9.9302,0.001,-0.0136,-0.005,-15.19,-28.44,11.88,-0.005,-0.0027,9.8066,52.59628299999999,-1.608857,147.72,0.0,6.0,114.12,22
136.5,-0.0363,-0.3345,9.8915,-0.0006,-0.0493,0.0173,-15.75,-28.75,12.13,0.0004,-0.001,9.8066,52.59628299999999,-1.608857,147.72,0.0,6.0,114.12,22
136.6,-0.1115,-0.0294,9.8204,-0.0009,0.0415,-0.0103,-16.06,-28.5,11.19,-0.0041,-0.0036,9.8066,52.59628299999999,-1.608857,147.72,0.0,6.0,114.12,22
136.699,0.2742,0.3042,9.8695,0.0025,0.0052,0.0059,-16.0,-28.44,11.81,0.0021,0.0037,9.8066,52.59628299999999,-1.608857,147.72,0.0,6.0,114.12,22
136.799,-0.1655,-0.3379999999999999,9.806,0.0087,0.0491,-0.0359,-15.69,-28.75,12.06,-0.001,-0.0025,9.8066,52.59628299999999,-1.608857,147.72,0.0,6.0,114.12,22
136.901,-0.0149,-0.2354,9.9321,0.0072,0.0225,-0.0036,-15.69,-28.87,12.38,0.0039,0.0057,9.8066,52.59628299999999,-1.608857,147.72,0.0,6.0,114.12,22
136.999,0.0607,0.0178,9.8277,-0.0086,0.0505,-0.0242,-15.81,-28.62,12.69,0.0008,0.0017,9.8066,52.59628299999999,-1.608857,147.72,0.0,6.0,114.12,22
137.1,0.3126,0.3377,9.896,0.0169,0.0537,-0.0323,-16.06,-28.44,11.81,0.0039,0.005,9.8066,52.59628299999999,-1.608857,147.72,0.0,6.0,114.12,22
137.2,-0.0604,-0.3325,9.9079,-0.0065,0.0224,-0.0122,-16.0,-28.87,12.63,0.0029,0.0044,9.8066,52.59628299999999,-1.608857,147.72,0.0,6.0,114.12,22
137.299,0.1009999999999999,0.2789,9.8078,-0.0016,0.0697,-0.0261,-15.56,-28.62,11.56,0.0007,0.0025,9.8066,52.59628299999999,-1.608857,147.72,0.0,6.0,114.12,22
137.4,-0.1047,-0.4824,9.9541,0.001,-0.0039,-0.0057,-15.69,-28.25,12.06,0.004,0.006,9.8066,52.59628299999999,-1.608857,147.72,0.0,6.0,114.12,22
137.5,-0.1176,0.0523,9.7929,-0.0056,0.0385,-0.0161,-16.19,-28.37,12.25,-0.0018,-0.0008,9.8066,52.59628299999999,-1.608857,147.72,0.0,6.0,114.12,22
137.6,-0.171,-0.4976,9.8831,-0.0047,-0.0258,0.0304,-15.69,-28.56,11.56,0.0019,0.0036,9.8066,52.59628299999999,-1.608857,147.72,0.0,6.0,114.12,22
137.7,-0.0199,0.0853,9.8053,0.0006,0.0186,-0.0057,-15.62,-28.62,11.5,-0.0033,-0.0031,9.8066,52.59628299999999,-1.608857,147.72,0.0,6.0,114.12,22
137.8,0.4114,0.3006,9.9005,-0.0088,-0.065,0.0335,-15.87,-28.44,12.38,-0.001,0.0007,9.8066,52.59628299999999,-1.608857,147.72,0.0,6.0,114.12,22
137.9,-0.6940000000000001,0.1184,9.6347,0.0012,0.0161,-0.0089,-15.37,-29.12,12.31,-0.0048,0.0047,9.8066,52.59628299999999,-1.608857,147.72,0.0,6.0,114.12,22
